region_id,Median_age_persons,Median_mortgage_repay_monthly,Median_Tot_prsnl_inc_weekly,Median_rent_weekly_,Median_Tot_fam_inc_weekly,Average_num_psns_per_bedroom,Median_Tot_hhd_inc_weekly,Average_household_size
UCL101001,35,2193,634,369,1728,1.2,1493,2.7
UCL102001,35,2000,835,285,2036,1.1,1622,2.5
UCL102002,41,1820,501,270,1280,1.1,997,2.5
UCL102003,47,1800,443,300,1040,1.1,828,2.3
UCL102004,39,1780,544,270,1470,1.1,1150,2.5
UCL103001,38,1921,480,250,1381,1.1,1086,2.6
UCL111001,37,1408,554,195,1333,1.1,1000,2.3
UCL111002,36,1733,551,255,1501,1.1,1239,2.6
UCL112001,34,1647,542,220,1429,1.1,1127,2.5
UCL112002,44,1733,527,260,1351,1.1,1014,2.3
UCL112003,37,1500,443,220,1174,1.1,933,2.5
UCL112004,42,1600,474,250,1107,1.1,887,2.4
UCL112005,35,1460,571,200,1301,1.1,1053,2.5
UCL112006,40,1479,519,185,1284,1.1,962,2.4
UCL112007,38,1492,457,225,1087,1.1,864,2.4
UCL112008,36,1408,574,170,1342,1.1,1107,2.7
UCL112009,39,1473,442,200,1067,1.1,854,2.4
UCL112010,35,1625,574,230,1445,1.1,1132,2.5
UCL112011,46,1733,471,250,1066,1.1,855,2.3
UCL112012,37,1408,531,215,1192,1.1,962,2.4
UCL112013,34,1549,585,225,1399,1.1,1115,2.5
UCL113001,32,1430,468,210,1228,1.1,938,2.4
UCL113002,49,1585,459,275,992,1.1,792,2.1
UCL113003,49,1444,413,230,884,1.1,743,2.2
UCL113004,47,1950,545,280,1384,1.0,1080,2.4
UCL113005,43,956,413,150,996,1.1,785,2.2
UCL113006,48,1500,466,230,1039,1.0,834,2.2
UCL113007,55,1500,392,220,855,1.1,693,2.1
UCL113008,40,1300,424,205,961,1.1,772,2.4
UCL113009,35,1563,528,190,1263,1.1,1030,2.6
UCL113010,39,1200,380,180,848,1.1,691,2.4
UCL113011,45,2000,567,300,1493,1.1,1213,2.5
UCL113012,37,1365,438,220,1110,1.1,909,2.5
UCL113013,42,1300,419,175,1074,1.1,792,2.2
UCL113014,44,1667,464,258,1166,1.1,927,2.5
UCL113015,32,1733,620,240,1732,1.1,1409,2.5
UCL113016,47,1733,504,285,1207,1.0,971,2.4
UCL113017,38,1387,485,165,1179,1.1,920,2.4
UCL113018,35,1517,485,220,1201,1.1,987,2.6
UCL113019,33,1950,634,270,1912,1.1,1638,2.6
UCL113020,44,1300,390,190,894,1.1,719,2.3
UCL113021,49,1387,393,240,876,1.1,740,2.2
UCL114001,59,1517,377,230,811,1.1,644,2.0
UCL114002,40,1300,396,200,906,1.1,728,2.3
UCL114003,42,1183,511,180,1174,1.1,868,2.2
UCL114004,47,1083,397,160,951,1.1,722,2.2
UCL114005,46,1300,478,178,1125,1.0,860,2.2
UCL114006,43,1083,401,160,968,1.1,741,2.3
UCL114007,43,1083,477,150,1139,1.0,830,2.2
UCL114008,40,1105,445,155,982,1.1,775,2.3
UCL114009,44,1062,396,165,883,1.1,693,2.2
UCL114010,39,1300,478,200,1180,1.1,888,2.4
UCL114011,34,2400,697,355,1977,1.1,1799,3.0
UCL114012,39,1192,450,180,942,1.1,760,2.3
UCL114013,37,1304,500,170,1201,1.1,925,2.4
UCL114014,39,1972,615,370,1452,1.1,1297,2.7
UCL114015,34,1768,652,260,1629,1.1,1511,2.9
UCL114016,53,1500,485,230,993,1.1,853,2.1
UCL114017,35,1300,557,160,1248,1.1,1021,2.4
UCL114018,41,1733,532,250,1242,1.1,992,2.4
UCL114019,37,1733,507,240,1361,1.1,1023,2.4
UCL114020,42,1700,417,250,964,1.1,786,2.4
UCL114021,53,1408,371,180,798,1.1,625,2.0
UCL114022,37,1300,526,150,1224,1.1,963,2.4
UCL114023,38,2167,481,350,1195,1.1,1036,2.6
UCL114024,51,1950,475,280,1089,1.0,872,2.2
UCL114025,38,1733,568,200,1491,1.1,1096,2.4
UCL114026,45,1343,377,225,847,1.1,711,2.3
UCL114027,43,1600,455,260,1104,1.1,937,2.5
UCL114028,39,1387,462,180,1198,1.1,918,2.4
UCL114029,40,1517,404,240,908,1.1,752,2.4
UCL114030,53,1517,395,255,852,1.1,725,2.1
UCL114031,51,1517,455,195,1002,1.1,821,2.2
UCL114032,39,1733,618,245,1541,1.1,1215,2.5
UCL114033,38,1250,423,188,943,1.1,751,2.3
UCL115001,36,1600,586,210,1565,1.1,1370,2.5
UCL115002,48,1517,472,270,1094,1.1,854,2.2
UCL115003,37,1800,494,300,1221,1.1,1067,2.7
UCL115004,32,2167,673,310,1797,1.1,1640,3.1
UCL115005,51,1387,417,260,910,1.1,761,2.2
UCL115006,44,867,447,135,1054,1.1,838,2.3
UCL115007,40,1517,527,440,1300,1.1,986,2.6
UCL115008,37,2029,575,270,1483,1.1,1267,2.8
UCL115009,55,1300,385,145,914,1.0,711,2.1
UCL115010,44,1473,504,190,1127,1.1,955,2.3
UCL115011,55,867,348,120,753,1.1,563,2.0
UCL115012,45,1382,388,230,986,1.1,884,2.5
UCL115013,47,907,402,145,935,1.1,698,2.2
UCL115014,41,1300,439,188,1002,1.1,795,2.3
UCL115015,41,1365,431,275,948,1.1,801,2.4
UCL115016,53,1291,376,200,834,1.1,647,2.1
UCL115017,51,1767,518,290,1238,1.0,985,2.3
UCL115018,59,737,350,140,754,1.1,581,2.0
UCL115019,47,1600,529,248,1180,1.0,924,2.1
UCL115020,39,1300,487,175,1239,1.1,990,2.5
UCL115021,40,2000,566,310,1570,1.1,1392,2.8
UCL115022,44,1083,466,150,1003,1.1,884,2.2
UCL115023,44,1690,475,320,1107,1.1,976,2.6
UCL115024,47,899,423,153,1052,1.1,720,2.3
UCL115025,34,867,615,120,1283,1.1,1115,2.5
UCL115026,36,2000,720,335,1660,1.1,1555,2.9
UCL115027,42,867,346,150,715,1.2,613,2.4
UCL115028,45,1387,476,235,1166,1.1,823,2.3
UCL115029,32,1863,598,300,1747,1.1,1635,2.8
UCL115030,48,1546,490,225,1143,1.1,888,2.3
UCL115031,50,2000,439,270,858,1.1,662,2.0
UCL115032,48,1083,395,185,956,1.1,776,2.3
UCL115033,54,1700,480,250,1070,1.0,873,2.2
UCL115034,46,2000,593,365,1601,1.1,1336,2.5
UCL115035,35,2253,988,400,2315,1.0,2131,2.9
UCL115036,30,1950,652,265,1521,1.1,1379,3.0
UCL115037,42,1733,486,380,1078,1.1,870,2.2
UCL115038,45,1606,412,270,948,1.1,820,2.5
UCL115039,39,1700,589,300,1809,1.0,1607,3.1
UCL115040,46,1000,394,150,937,1.1,679,2.2
UCL115041,35,1400,660,150,1782,1.1,1421,2.4
UCL115042,36,1820,561,285,1386,1.1,1300,2.9
UCL115043,39,867,444,130,972,1.1,815,2.4
UCL115044,44,1300,480,180,1143,1.1,880,2.4
UCL115045,45,870,384,150,851,1.1,663,2.3
UCL115046,39,758,423,130,966,1.1,773,2.4
UCL115047,37,1116,414,210,956,1.1,773,2.6
UCL115048,38,1690,515,300,1105,1.1,934,2.6
UCL115049,49,1127,442,175,1098,1.1,762,2.2
UCL115050,51,1517,411,220,927,1.1,755,2.2
UCL115051,44,1127,390,150,923,1.1,761,2.4
UCL115052,57,1300,382,200,818,1.1,695,2.1
UCL115053,38,1560,517,260,1489,1.1,1139,2.3
UCL115054,48,1083,370,185,839,1.1,665,2.2
UCL115055,36,2000,651,265,1755,1.1,1716,3.1
UCL115056,46,1257,410,200,1016,1.1,757,2.3
UCL115057,46,1430,411,178,971,1.1,782,2.3
UCL115058,23,1733,368,285,1647,1.1,1362,2.8
UCL115059,49,1309,394,225,890,1.1,697,2.1
UCL115060,58,1600,459,270,926,1.0,805,2.0
UCL115061,49,867,425,135,938,1.1,727,2.1
UCL115062,24,1300,697,215,1329,1.1,1203,2.7
UCL115063,41,1164,400,210,904,1.1,810,2.7
UCL115064,32,1954,674,320,1636,1.1,1512,3.1
UCL115065,38,2427,679,441,1870,1.1,1596,2.9
UCL115066,42,2000,527,300,1518,1.1,1215,2.6
UCL115067,43,867,400,135,893,1.1,703,2.3
UCL115068,32,2000,656,310,1661,1.1,1546,3.0
UCL115069,49,1400,397,180,944,1.1,713,2.1
UCL115070,55,1600,384,190,900,1.1,735,2.1
UCL115071,50,867,370,120,808,1.1,643,2.1
UCL115072,32,1733,506,300,1478,1.1,1330,2.8
UCL115073,39,1517,414,202,1135,1.1,818,2.4
UCL115074,46,1387,412,150,1029,1.0,972,2.7
UCL115075,44,1170,456,160,1086,1.1,830,2.3
UCL115076,42,1170,410,175,1004,1.1,774,2.4
UCL115077,47,867,386,145,888,1.1,681,2.2
UCL115078,59,1517,363,228,769,1.1,651,2.1
UCL115079,58,1600,462,230,875,1.1,734,1.9
UCL115080,44,1083,422,130,943,1.1,761,2.3
UCL115081,35,1800,630,310,1862,1.0,1766,3.0
UCL115082,33,1733,562,265,1323,1.1,1215,2.9
UCL115083,46,1083,452,150,980,1.1,772,2.1
UCL115084,46,1290,470,225,1070,1.0,900,2.4
UCL115085,57,996,353,200,742,1.1,577,2.0
UCL115086,31,1584,690,265,1440,1.1,1206,2.4
UCL115087,35,1473,548,240,1246,1.1,1110,2.9
UCL115088,49,1300,468,270,1178,1.0,993,2.5
UCL115089,38,1170,457,160,1077,1.1,837,2.5
UCL115090,45,953,342,155,807,1.1,614,2.2
UCL115091,50,1408,353,180,822,1.1,618,2.1
UCL115092,38,1300,456,230,1090,1.1,887,2.5
UCL115093,45,2253,623,223,1625,1.0,1454,2.7
UCL115094,45,1257,391,220,904,1.1,697,2.3
UCL115095,38,906,427,110,948,1.1,781,2.4
UCL115096,42,1733,462,260,1067,1.1,905,2.5
UCL115097,47,1517,443,260,980,1.0,864,2.3
UCL115098,42,1000,370,130,857,1.1,642,2.1
UCL115099,48,1213,375,180,839,1.1,685,2.3
UCL115100,51,1235,392,200,896,1.1,699,2.2
UCL115101,50,1733,475,260,1011,1.0,912,2.3
UCL115102,46,875,364,170,755,1.1,628,2.3
UCL115103,52,1539,414,240,956,1.1,804,2.3
UCL115104,38,1244,463,180,1116,1.1,901,2.5
UCL115105,46,1369,379,180,881,1.1,668,2.3
UCL115106,43,1650,435,320,962,1.1,793,2.4
UCL115107,36,2600,1113,340,2560,1.1,2483,3.1
UCL115108,54,1517,397,190,911,1.1,692,2.0
UCL115109,42,1040,446,150,947,1.1,762,2.3
UCL115110,38,1092,465,168,1026,1.1,805,2.5
UCL115111,38,1083,484,150,1203,1.1,892,2.4
UCL115112,38,1452,492,193,1208,1.1,913,2.4
UCL115113,41,1613,473,330,1018,1.1,882,2.4
UCL115114,44,1408,418,240,922,1.1,781,2.3
UCL115115,37,1950,603,265,1627,1.1,1377,2.7
UCL115116,45,1209,394,170,1008,1.1,852,2.4
UCL115117,43,1170,433,175,970,1.1,777,2.3
UCL115118,35,1950,594,300,1456,1.1,1267,2.6
UCL115119,38,1820,563,230,1323,1.1,1148,2.7
UCL115120,38,1500,488,305,1145,1.1,1029,2.7
UCL115121,56,2000,423,230,992,1.1,685,2.0
UCL115122,53,1733,412,250,923,1.1,691,2.1
UCL115123,35,2000,657,308,1741,1.1,1523,3.1
UCL115124,44,1874,518,390,1335,1.1,1067,2.6
UCL115125,43,1100,417,240,897,1.1,794,2.4
UCL115126,39,1733,497,380,1040,1.1,935,2.6
UCL115127,53,1387,386,225,874,1.1,706,2.2
UCL115128,39,2300,769,410,2534,1.1,2121,3.0
UCL115129,39,1950,534,420,1258,1.1,1029,2.4
UCL115130,61,1343,353,200,757,1.1,589,2.0
UCL115131,37,1965,512,270,1303,1.1,1099,2.7
UCL115132,43,1517,428,250,1043,1.1,863,2.4
UCL115133,49,1300,529,200,1098,1.1,882,2.2
UCL115134,61,1733,398,270,834,1.0,737,2.1
UCL115135,47,1051,412,150,954,1.1,739,2.2
UCL115136,48,1083,389,165,886,1.1,667,2.2
UCL115137,34,1800,648,300,1586,1.1,1455,3.0
UCL115138,36,2048,572,270,1554,1.1,1288,2.7
UCL115139,54,1200,388,180,890,1.0,698,2.1
UCL115140,41,1083,437,170,1020,1.1,871,2.3
UCL115141,57,1400,406,215,882,1.0,743,2.1
UCL115142,43,1160,452,185,1074,1.1,834,2.4
UCL115143,53,1387,389,230,870,1.1,706,2.1
UCL115144,51,1600,429,258,940,1.0,845,2.3
UCL115145,51,1517,511,260,1169,1.0,933,2.2
UCL115146,46,910,426,135,1089,1.1,749,2.2
UCL115147,31,888,547,115,1371,1.1,1216,2.8
UCL115148,39,2000,624,280,1706,1.1,1303,2.6
UCL115149,37,1487,479,165,1430,1.1,1115,2.6
UCL115150,47,945,392,140,917,1.1,688,2.2
UCL115151,42,960,432,128,911,1.1,735,2.2
UCL115152,35,975,477,137,1118,1.1,833,2.4
UCL115153,42,1073,387,140,878,1.1,682,2.3
UCL115154,52,1138,372,140,836,1.1,621,2.2
UCL115155,46,1083,363,160,788,1.1,634,2.2
UCL115156,42,1083,479,150,1157,1.1,907,2.3
UCL115157,37,2167,611,190,1838,1.1,1548,2.8
UCL115158,44,1300,393,200,955,1.1,744,2.4
UCL115159,41,1560,525,290,1219,1.1,1117,2.6
UCL115160,45,1603,407,238,898,1.1,769,2.4
UCL115161,41,1655,444,200,1176,1.1,1004,2.9
UCL115162,43,1993,496,300,1259,1.1,1017,2.5
UCL115163,39,1404,575,170,1254,1.1,926,2.4
UCL121001,40,1162,409,160,1096,1.1,826,2.4
UCL121002,43,758,379,110,785,1.1,647,2.3
UCL121003,52,1127,435,210,1029,1.1,763,2.1
UCL121004,45,1500,431,250,859,1.1,827,2.5
UCL121005,39,2067,610,430,1839,1.0,1676,3.1
UCL121006,51,1213,392,185,836,1.1,666,2.2
UCL121007,41,1274,530,200,1184,1.1,915,2.4
UCL121008,50,951,391,130,796,1.1,657,2.0
UCL121009,31,560,304,110,733,1.3,703,3.0
UCL121010,41,800,372,160,1007,1.1,777,2.5
UCL121011,44,2167,674,250,1912,1.0,1910,3.2
UCL121012,31,477,367,95,757,1.3,854,2.8
UCL121013,44,2141,681,285,1773,1.1,1316,2.5
UCL121014,41,1517,454,250,969,1.1,817,2.6
UCL121015,37,2374,494,300,1527,1.1,1454,3.4
UCL121016,35,1527,441,245,1286,1.1,1120,2.7
UCL121017,43,1820,740,300,1883,1.0,1910,3.0
UCL121018,38,1700,512,350,1139,1.1,1066,2.9
UCL121019,38,2600,582,300,1926,1.2,1630,3.0
UCL121020,43,1025,496,140,1117,1.1,804,2.2
UCL121021,42,867,374,115,843,1.1,685,2.3
UCL121022,38,1083,380,265,931,1.2,879,2.7
UCL121023,36,2500,588,370,1462,1.1,1449,3.0
UCL121024,50,1100,538,230,1125,1.1,886,2.1
UCL121025,38,1673,536,330,1404,1.1,1125,2.8
UCL121026,36,2442,595,395,1463,1.1,1399,3.1
UCL121027,53,1083,390,230,869,1.0,782,2.2
UCL121028,40,893,428,198,987,1.2,777,2.7
UCL121029,44,867,362,125,811,1.1,774,2.4
UCL121030,37,1083,481,155,955,1.1,872,2.5
UCL121031,45,1724,509,280,1177,1.1,1082,2.6
UCL121032,49,867,375,160,836,1.1,683,2.3
UCL121033,40,2167,743,300,1656,1.1,1431,2.9
UCL121034,39,1700,503,250,1238,1.1,1180,2.7
UCL121035,42,1826,549,243,1382,1.1,1375,2.9
UCL121036,49,1617,427,230,1101,1.0,1021,2.4
UCL121037,49,867,393,100,861,1.1,751,2.2
UCL121038,47,2058,596,250,1491,1.0,1260,2.4
UCL121039,37,1993,745,390,1968,1.0,1991,3.3
UCL121040,45,845,383,115,1030,1.1,702,2.4
UCL121041,37,1928,536,340,1452,1.1,1183,2.5
UCL121042,35,2342,688,485,1812,1.1,1765,3.1
UCL121043,46,1602,445,230,1106,1.0,843,2.5
UCL121044,50,1950,484,260,1083,1.0,916,2.4
UCL121045,33,1517,557,220,1442,1.1,1301,2.9
UCL121046,62,1000,360,260,692,1.1,580,1.8
UCL121047,48,1083,375,150,919,1.1,606,2.2
UCL121048,42,997,504,150,1157,1.1,935,2.1
UCL121049,52,1300,457,190,1050,1.1,815,1.8
UCL121050,46,2058,593,315,1767,1.1,1463,2.7
UCL121051,49,867,397,115,951,1.1,775,2.1
UCL121052,39,2167,656,340,2067,1.1,2062,3.4
UCL121053,41,1509,576,120,1300,1.1,1254,2.6
UCL121054,40,1430,388,250,975,1.1,865,2.7
UCL121055,59,1300,380,220,803,1.0,750,2.2
UCL121056,33,1712,655,0,1812,1.0,1806,3.4
UCL121057,44,1780,538,380,1371,1.0,1309,2.9
UCL121058,41,1800,433,228,968,1.1,858,2.5
UCL121059,42,1800,680,340,1718,1.0,1543,2.8
UCL121060,34,3100,841,700,2759,1.0,2703,3.6
UCL121061,40,2400,710,325,2031,1.1,1686,2.7
UCL121062,47,1387,390,215,896,1.1,748,2.3
UCL121063,55,1100,340,245,741,1.1,671,2.3
UCL121064,51,1000,408,120,1011,1.1,738,2.1
UCL121065,47,1842,482,300,1152,1.1,981,2.5
UCL121066,35,2167,808,450,2625,1.0,2687,3.5
UCL121067,46,2500,797,420,2238,1.1,1618,2.6
UCL121068,39,1517,440,200,1192,1.1,856,2.4
UCL121069,52,847,378,100,772,1.1,664,2.0
UCL121070,45,1564,545,290,1292,1.1,1007,2.3
UCL121071,48,2059,454,200,1208,1.1,1096,2.8
UCL121072,43,1105,418,165,932,1.1,771,2.4
UCL121073,34,1300,390,190,1270,1.2,1054,2.8
UCL121074,37,1582,602,250,1672,1.1,1440,2.7
UCL121075,36,1500,584,250,1548,1.1,1365,3.1
UCL121076,50,1796,528,265,1406,1.0,1138,2.5
UCL121077,39,1950,568,200,1409,1.1,1409,3.1
UCL121078,41,1300,501,290,1227,1.1,913,2.5
UCL121079,37,1603,579,350,1397,1.1,1358,3.2
UCL121080,48,1372,512,231,1012,1.1,924,2.4
UCL121081,39,3200,604,275,1929,1.1,1765,3.5
UCL121082,46,1216,462,230,1176,1.1,888,2.2
UCL121083,35,2000,742,268,1930,1.1,1680,3.0
UCL121084,46,841,406,150,864,1.1,632,2.1
UCL121085,39,1311,414,223,857,1.1,828,2.7
UCL121086,35,1603,541,235,1199,1.1,1062,2.8
UCL121087,44,2000,563,300,1558,1.1,1384,2.6
UCL121088,33,1647,669,220,1763,1.1,1224,2.7
UCL121089,39,1900,552,215,1569,1.1,1574,3.1
UCL121090,44,1700,517,300,1566,1.0,1370,2.9
UCL121091,31,1829,593,281,1394,1.1,1331,3.1
UCL121092,49,1213,379,220,814,1.1,711,2.3
UCL121093,48,1365,387,210,1018,1.1,756,2.2
UCL121094,48,1384,544,230,1177,1.0,946,2.4
UCL121095,34,1387,419,200,1071,1.1,912,2.8
UCL121096,45,900,341,110,686,1.1,556,2.2
UCL121097,37,2422,735,330,1821,1.1,1689,3.0
UCL121098,43,1430,509,260,1096,1.2,913,2.5
UCL121099,48,1733,627,175,1587,1.0,1559,2.7
UCL121100,49,1213,389,190,1354,1.1,758,2.2
UCL121101,50,1422,547,335,1160,1.0,1047,2.5
UCL121102,42,1387,452,180,1263,1.1,1146,2.8
UCL121103,51,1083,396,220,933,1.1,709,2.2
UCL121104,43,1257,389,205,884,1.1,740,2.4
UCL121105,44,1105,388,193,1057,1.1,897,2.5
UCL121106,52,1196,362,185,752,1.1,654,2.1
UCL121107,55,1900,593,350,1324,1.0,1042,2.4
UCL121108,46,1083,453,170,1062,1.0,877,2.4
UCL121109,37,758,346,130,729,1.2,622,2.8
UCL121110,39,1213,459,220,961,1.1,838,2.5
UCL121111,53,1083,430,220,875,1.1,733,2.1
UCL121112,40,1253,392,260,858,1.1,774,2.5
UCL121113,43,652,435,120,943,1.1,759,2.3
UCL121114,34,1257,516,220,1261,1.1,1201,2.8
UCL121115,36,1083,393,150,1033,1.1,873,2.4
UCL121116,40,1717,653,260,1687,1.1,1513,2.6
UCL121117,60,1469,381,220,918,1.1,678,1.9
UCL121118,35,1777,706,295,2039,1.1,2072,3.3
UCL121119,38,1599,446,250,1062,1.1,940,2.5
UCL121120,44,1517,473,320,1237,1.1,1179,2.8
UCL121121,28,250,353,88,772,1.3,860,3.0
UCL121122,35,2600,803,300,2025,1.0,1977,3.1
UCL121123,33,1517,555,210,1412,1.1,1215,2.9
UCL121124,40,1460,408,175,945,1.1,858,2.3
UCL121125,50,1300,359,200,775,1.1,680,2.2
UCL121126,37,1517,568,295,1528,1.0,1416,3.0
UCL121127,37,1083,498,210,1023,1.1,1025,2.5
UCL121128,40,1246,444,145,1029,1.1,762,2.5
UCL121129,34,1638,520,340,1303,1.1,1059,3.0
UCL121130,36,1777,510,250,1335,1.1,1164,2.9
UCL122001,46,950,393,130,1145,1.1,774,2.1
UCL122002,31,2383,694,300,1463,1.1,1675,3.0
UCL122003,50,607,334,100,558,1.1,551,2.1
UCL122004,53,867,327,105,628,1.0,619,2.0
UCL122005,50,588,333,130,704,1.1,604,2.4
UCL122006,35,1083,557,185,1321,1.1,1083,2.7
UCL122007,32,799,509,200,987,1.1,909,2.5
UCL122008,36,1733,480,170,1422,1.1,1144,2.9
UCL122009,40,2034,635,1450,1513,1.1,1325,2.7
UCL122010,46,650,408,110,906,1.0,831,2.4
UCL122011,54,709,340,96,745,1.1,612,2.2
UCL122012,34,1517,551,240,1481,1.1,1213,2.9
UCL122013,40,1250,384,190,776,1.1,566,2.7
UCL122014,40,1700,614,285,1125,1.0,900,2.3
UCL122015,37,1170,589,290,1413,1.1,1352,2.7
UCL122016,44,1560,531,140,1023,1.0,845,2.4
UCL122017,46,498,328,110,706,1.1,463,2.0
UCL122018,46,867,367,110,727,1.1,749,2.5
UCL122019,51,433,350,150,706,1.1,604,1.9
UCL122020,44,1134,566,290,1037,1.0,1149,2.7
UCL122021,52,1875,467,200,1704,1.0,1297,2.8
UCL122022,45,1213,421,240,1321,1.1,1111,2.8
UCL122023,51,1517,433,231,1023,1.1,917,2.2
UCL122024,36,1311,509,225,1080,1.1,1191,2.8
UCL122025,44,1337,446,185,1007,1.1,751,2.2
UCL122026,31,1863,547,360,1799,1.1,1656,2.9
UCL122027,56,953,385,150,785,1.1,569,2.0
UCL122028,47,800,405,165,772,1.1,540,2.4
UCL122029,52,2113,675,275,1607,1.0,1021,2.4
UCL122030,40,1300,417,225,976,1.1,873,2.5
UCL122031,36,2000,705,500,1687,1.1,1611,3.3
UCL122032,37,1300,684,255,1461,1.1,1328,2.3
UCL122033,53,1083,410,110,880,1.0,777,2.4
UCL122034,35,1517,435,102,1339,1.1,1281,2.6
UCL122035,39,1300,584,290,2020,1.0,1840,2.9
UCL122036,40,1012,360,170,728,1.1,560,2.4
UCL122037,37,520,391,100,1050,1.1,684,2.5
UCL122038,47,1539,471,233,922,1.1,773,2.3
UCL122039,55,715,338,190,706,1.1,556,1.9
UCL122040,42,992,389,200,833,1.1,672,2.3
UCL122041,45,1517,437,300,1275,1.1,934,2.6
UCL122042,39,1950,612,105,1737,1.1,1387,2.5
UCL122043,38,1083,446,150,1292,1.1,922,2.3
UCL122044,46,740,371,368,866,1.1,657,2.4
UCL122045,52,1655,439,190,1013,1.1,810,2.2
UCL122046,49,2000,621,320,1470,1.1,1055,2.0
UCL122047,49,997,320,160,591,1.1,638,2.3
UCL122048,51,867,365,0,766,1.1,546,2.1
UCL122049,43,690,325,140,683,1.1,562,2.3
UCL122050,39,1234,468,260,963,1.1,850,2.6
UCL122051,44,1800,439,250,954,1.1,850,2.4
UCL122052,57,580,332,105,784,1.0,582,1.9
UCL122053,34,895,511,180,1034,1.2,939,2.7
UCL122054,43,2167,564,625,1352,1.1,1079,2.8
UCL122055,47,1647,384,128,1034,1.0,1071,2.9
UCL122056,41,1250,462,0,1262,1.1,1341,3.0
UCL122057,48,1430,350,180,767,1.1,619,2.2
UCL122058,53,1213,585,250,1182,1.1,974,2.2
UCL122059,43,1257,537,200,1153,1.1,1013,2.6
UCL122060,39,1179,382,150,845,1.1,850,2.6
UCL122061,39,1257,376,210,787,1.2,688,2.7
UCL122062,33,0,339,8,653,1.3,791,2.8
UCL122063,38,1200,604,140,1125,1.2,1047,2.6
UCL122064,38,1560,418,200,1102,1.1,933,2.3
UCL122065,42,600,335,130,718,1.1,570,2.4
UCL122066,35,2000,1095,430,2481,1.2,2187,3.3
UCL122067,44,1647,606,230,1292,1.0,1215,2.3
UCL122068,45,1400,448,350,1390,1.0,1071,2.8
UCL122069,50,1083,398,180,818,1.1,739,2.1
UCL122070,42,1517,570,225,1519,1.1,1559,3.0
UCL122071,41,1164,445,250,968,1.1,900,2.6
UCL122072,36,200,509,105,1109,1.0,862,2.1
UCL122073,45,1552,483,275,1343,1.1,812,2.3
UCL122074,53,600,390,120,875,1.0,677,2.0
UCL122075,56,1127,380,266,784,1.2,718,2.1
UCL122076,35,1350,384,238,1187,1.2,1125,2.9
UCL122077,46,507,322,140,654,1.1,569,2.1
UCL122078,40,1800,510,200,1162,1.0,1343,3.0
UCL122079,59,1138,360,220,806,1.1,711,2.3
UCL122080,37,1950,646,230,1777,1.1,1916,2.9
UCL122081,46,834,358,220,780,1.2,731,2.5
UCL122082,53,1560,383,360,919,1.1,743,2.2
UCL122083,61,1734,362,190,709,1.1,526,1.6
UCL122084,43,2250,664,320,1818,1.1,1812,2.6
UCL122085,42,1387,541,180,1809,1.0,1274,2.7
UCL122086,47,1040,633,150,1328,1.2,914,2.3
UCL122087,37,1991,683,280,1788,1.1,1519,2.8
UCL122088,49,981,403,165,887,1.1,927,2.0
UCL122089,48,1517,386,280,919,1.1,828,2.7
UCL122090,40,1200,456,55,1125,1.1,882,2.3
UCL122091,59,3033,395,140,892,1.1,572,1.8
UCL122092,42,1998,704,0,2111,1.0,2476,2.9
UCL122093,46,1842,450,360,1083,1.1,1017,2.9
UCL122094,45,675,316,125,645,1.2,542,2.1
UCL122095,42,758,377,90,875,1.1,712,2.1
UCL122096,41,1342,350,150,830,1.2,716,2.7
UCL122097,40,1690,394,235,978,1.1,976,2.5
UCL122098,43,2000,679,323,1908,1.1,1263,2.5
UCL122099,48,650,402,110,1055,1.1,707,2.1
UCL122100,41,1800,513,108,1390,1.1,1386,3.0
UCL122101,34,693,579,100,1093,1.1,846,2.4
UCL122102,51,2167,390,230,964,1.1,733,2.2
UCL122103,36,1040,397,260,1125,1.1,1059,2.9
UCL122104,48,1127,349,210,909,1.1,700,2.2
UCL122105,52,1950,456,220,1017,1.1,906,2.3
UCL122106,40,1300,536,180,945,1.1,858,2.5
UCL122107,43,1082,330,215,594,1.2,505,2.0
UCL122108,49,650,343,175,729,1.1,556,2.3
UCL122109,60,926,397,235,807,1.1,796,2.2
UCL122110,40,1950,524,300,1224,1.1,955,2.5
UCL122111,54,769,350,150,677,1.0,568,1.9
UCL122112,46,433,408,110,766,1.1,754,2.2
UCL122113,37,2600,688,270,2374,1.1,2288,3.4
UCL122114,38,2048,944,500,2166,1.1,1849,2.8
UCL122115,42,975,394,125,927,1.0,821,2.2
UCL122116,46,1300,548,180,1266,1.1,1023,2.5
UCL122117,58,1328,440,225,1267,1.1,846,1.8
UCL122118,32,0,737,180,1041,1.2,1156,2.2
UCL122119,30,1733,516,200,1514,1.1,1478,2.9
UCL122120,39,2776,986,0,2461,1.0,2547,3.4
UCL122121,56,2167,435,220,766,1.0,640,2.1
UCL122122,44,1600,615,250,1652,1.0,1617,2.8
UCL122123,44,1517,388,285,949,1.0,979,2.6
UCL122124,50,1842,472,280,1174,1.0,857,2.3
UCL122125,51,1300,429,180,841,1.1,635,2.1
UCL122126,49,1083,488,285,1062,1.0,972,2.3
UCL122127,49,1975,670,0,1750,1.1,1458,2.8
UCL122128,34,2119,561,280,1750,1.1,1899,3.4
UCL122129,31,1733,642,330,1325,1.1,1294,3.0
UCL122130,50,975,510,225,1142,1.1,746,2.3
UCL122131,40,1492,489,250,1087,1.1,1038,2.8
UCL122132,32,1408,503,300,1224,1.0,1178,2.6
UCL122133,37,2600,757,255,2152,1.1,1899,3.1
UCL122134,49,777,330,250,753,1.1,547,2.4
UCL122135,35,2000,1118,290,2821,1.0,1874,2.6
UCL122136,56,433,463,110,944,1.0,963,1.9
UCL122137,49,1950,630,252,1577,1.0,1536,3.0
UCL122138,44,1083,383,123,992,1.1,836,2.4
UCL122139,39,823,429,155,772,1.2,611,2.4
UCL122140,46,2000,656,280,1583,1.0,1375,2.5
UCL122141,40,1550,454,160,966,1.1,1258,2.8
UCL122142,38,2500,875,46,1833,1.6,1233,1.8
UCL122143,47,1700,613,350,1609,1.1,1514,2.9
UCL122144,50,748,588,176,919,1.2,875,1.8
UCL122145,42,1517,521,270,1594,1.0,1516,2.8
UCL122146,18,0,302,100,563,1.4,741,4.3
UCL122147,57,780,356,78,688,1.1,635,2.0
UCL122148,48,1029,373,100,985,1.0,592,2.1
UCL122149,45,1192,363,150,753,1.1,708,2.7
UCL122150,49,433,426,36,928,1.1,553,2.2
UCL122151,42,1517,555,280,1258,1.1,1125,2.5
UCL122152,38,1300,326,290,675,1.2,714,2.5
UCL122153,40,750,403,290,850,1.2,819,2.4
UCL122154,48,1083,375,170,825,1.1,608,2.3
UCL122155,45,420,384,74,811,1.1,663,2.2
UCL122156,51,520,341,75,712,1.1,582,2.1
UCL122157,50,914,287,140,636,1.1,613,2.3
UCL122158,47,1079,378,170,890,1.1,711,2.4
UCL122159,38,2383,626,335,1789,1.1,1620,2.9
UCL122160,40,780,384,136,1054,1.1,861,2.6
UCL122161,38,1600,476,185,1048,1.1,833,2.6
UCL122162,40,1083,447,160,914,1.1,828,2.7
UCL122163,45,867,372,180,959,1.1,733,2.3
UCL122164,52,607,352,130,700,1.1,525,1.9
UCL122165,55,861,366,200,743,1.1,588,1.9
UCL122166,45,1300,508,330,1396,1.1,1211,2.7
UCL122167,45,1517,519,295,1125,1.1,1066,2.5
UCL122168,33,2800,764,530,2341,1.1,2271,3.9
UCL122169,48,884,372,100,833,1.1,558,2.3
UCL131777,43,1647,513,150,1294,1.1,1089,2.7
UCL179997,63,0,460,0,0,0,0,0
UCL199994,37,0,349,0,0,0,0,0
UCL201001,36,1842,592,302,1586,1.1,1337,2.6
UCL203001,38,1500,511,220,1312,1.1,1007,2.4
UCL211001,35,1430,559,205,1272,1.1,1034,2.5
UCL211002,36,1300,507,204,1246,1.1,968,2.4
UCL211003,37,1300,518,205,1243,1.1,987,2.4
UCL212001,32,1500,544,246,1281,1.1,1130,2.7
UCL212002,37,1300,466,180,1063,1.1,853,2.4
UCL212003,30,1764,604,291,1377,1.1,1223,2.7
UCL212004,36,1300,508,190,1185,1.1,957,2.5
UCL212005,36,1684,633,275,1644,1.1,1430,2.8
UCL212006,36,1343,564,200,1449,1.1,1152,2.4
UCL212007,38,1500,529,220,1267,1.1,998,2.4
UCL213001,37,1560,553,223,1437,1.1,1179,2.6
UCL213002,42,1257,470,199,1056,1.1,801,2.3
UCL213003,40,1260,498,180,1166,1.1,899,2.3
UCL213004,43,1500,485,260,1234,1.1,1006,2.5
UCL213005,40,1446,505,200,1128,1.1,906,2.4
UCL213006,39,1185,530,170,1195,1.1,923,2.3
UCL213007,35,1668,597,270,1595,1.1,1377,2.7
UCL213008,42,1000,396,141,983,1.1,743,2.2
UCL213009,40,997,390,150,926,1.1,725,2.2
UCL213010,40,1658,601,280,1536,1.0,1245,2.5
UCL213011,39,1288,514,190,1245,1.1,931,2.3
UCL213012,37,2000,681,340,1726,1.1,1443,2.7
UCL213013,41,1300,488,180,1136,1.1,856,2.3
UCL213014,39,1363,524,210,1284,1.1,979,2.4
UCL214001,43,1000,483,163,1048,1.1,827,2.3
UCL214002,45,1192,452,175,1024,1.1,770,2.2
UCL214003,45,1300,471,200,1088,1.1,811,2.2
UCL214004,42,1300,412,175,939,1.1,781,2.4
UCL214005,42,1300,525,185,1221,1.1,893,2.4
UCL214006,38,1500,501,225,1192,1.1,980,2.5
UCL214007,37,1944,638,289,1830,1.1,1581,2.9
UCL214008,43,1090,508,170,1194,1.1,887,2.2
UCL214009,41,1500,495,230,1183,1.1,970,2.4
UCL214010,37,1690,527,250,1435,1.1,1200,2.7
UCL214011,43,1148,438,169,991,1.1,775,2.3
UCL214012,49,1300,389,200,916,1.1,726,2.2
UCL214013,38,1600,553,280,1411,1.0,1226,2.7
UCL214014,48,900,385,157,846,1.1,659,2.1
UCL214015,41,1200,473,180,1195,1.1,906,2.3
UCL214016,42,1116,451,160,1034,1.1,801,2.3
UCL214017,44,953,441,150,1040,1.1,793,2.2
UCL214018,37,1300,506,170,1131,1.1,881,2.3
UCL214019,32,1733,640,300,1530,1.1,1426,3.1
UCL214020,44,1300,421,210,1008,1.1,751,2.3
UCL214021,48,1348,432,190,983,1.1,794,2.3
UCL215001,47,1365,536,200,1351,1.1,945,2.4
UCL215002,46,1300,450,175,1109,1.0,854,2.2
UCL215003,48,1595,530,240,1252,1.1,964,2.3
UCL215004,47,1300,495,205,983,1.1,814,2.0
UCL215005,41,1300,450,205,1097,1.1,915,2.4
UCL215006,45,1690,563,290,1377,1.0,1071,2.4
UCL215007,35,1733,608,263,1602,1.1,1491,3.0
UCL215008,32,1733,719,280,1764,1.1,1696,3.2
UCL215009,53,1083,412,135,911,1.1,697,2.0
UCL215010,39,2000,695,350,1996,1.1,1931,3.2
UCL215011,50,1415,480,190,1102,1.1,894,2.2
UCL215012,35,1650,651,241,1541,1.1,1449,2.8
UCL215013,51,1300,439,180,968,1.0,783,2.2
UCL215014,38,1291,490,210,1149,1.1,972,2.5
UCL215015,39,1517,505,220,1423,1.1,1254,2.8
UCL215016,45,1083,432,160,1045,1.1,781,2.2
UCL215017,38,1547,550,238,1225,1.1,1122,2.5
UCL215018,52,758,371,110,842,1.1,616,2.0
UCL215019,32,967,390,160,1076,1.1,887,2.5
UCL215020,44,997,442,160,1136,1.1,920,2.4
UCL215021,54,997,426,130,963,1.0,737,2.1
UCL215022,48,953,387,130,840,1.0,642,2.0
UCL215023,51,1470,452,220,966,1.0,747,2.1
UCL215024,45,1200,420,175,1106,1.1,829,2.3
UCL215025,48,1299,466,210,1029,1.1,766,2.0
UCL215026,35,1300,568,240,1349,1.1,1120,2.5
UCL215027,49,850,390,135,903,1.1,732,2.2
UCL215028,48,867,404,120,921,1.1,714,2.3
UCL215029,51,1083,430,150,948,1.1,751,2.1
UCL215030,55,1257,394,170,971,1.0,692,2.0
UCL215031,37,1517,500,240,1335,1.1,1042,2.7
UCL215032,55,1083,368,150,773,1.1,630,2.0
UCL215033,41,925,391,155,833,1.1,687,2.3
UCL215034,45,1116,402,150,1003,1.1,722,2.2
UCL215035,50,1500,523,300,1198,1.1,949,2.2
UCL215036,46,867,408,140,968,1.1,718,2.2
UCL215037,33,1549,535,220,1334,1.1,1080,2.6
UCL215038,40,1300,534,200,1154,1.1,965,2.5
UCL215039,43,1246,442,190,1063,1.1,806,2.3
UCL215040,42,1408,473,200,1201,1.1,900,2.3
UCL215041,41,1488,513,215,1227,1.1,1058,2.4
UCL215042,37,1300,484,240,1159,1.1,916,2.5
UCL215043,40,1300,532,220,1215,1.1,926,2.3
UCL215044,32,1460,479,211,1154,1.1,996,2.6
UCL215045,50,1300,537,270,1138,1.1,909,2.1
UCL215046,43,1824,678,275,1855,1.1,1620,2.7
UCL215047,41,1170,443,175,1076,1.1,818,2.3
UCL215048,54,1275,411,150,950,1.1,710,2.0
UCL215049,43,1300,486,195,1121,1.1,839,2.2
UCL215050,45,1000,378,150,841,1.1,694,2.3
UCL215051,40,1170,430,220,984,1.1,771,2.3
UCL215052,42,991,426,175,1208,1.1,960,2.5
UCL215053,48,867,405,180,948,1.1,663,2.2
UCL215054,48,1018,468,180,969,1.1,772,2.1
UCL215055,47,1170,409,175,958,1.1,722,2.2
UCL215056,46,1300,443,195,970,1.1,792,2.2
UCL215057,47,867,424,157,968,1.1,711,2.2
UCL215058,47,823,487,138,1045,1.1,815,2.2
UCL215059,43,1083,424,160,1002,1.1,745,2.3
UCL215060,45,900,381,150,865,1.1,646,2.2
UCL215061,48,780,447,120,1180,1.1,795,2.2
UCL215062,57,1250,423,200,916,1.0,744,2.1
UCL215063,54,1509,565,249,1381,1.0,1008,2.2
UCL215064,50,1574,502,215,1297,1.1,915,2.2
UCL215065,57,1420,408,230,930,1.0,737,2.0
UCL215066,41,1000,390,160,889,1.1,707,2.4
UCL215067,38,1700,678,255,1841,1.1,1653,2.9
UCL215068,37,1055,386,156,921,1.2,773,2.6
UCL215069,49,1055,439,140,1057,1.1,814,2.3
UCL215070,37,1517,584,260,1535,1.1,1357,2.9
UCL215071,39,1000,418,145,927,1.1,784,2.4
UCL215072,43,1311,524,168,1214,1.1,916,2.3
UCL215073,53,1192,482,248,1174,1.1,897,2.0
UCL215074,33,1517,646,268,1450,1.1,1345,2.9
UCL215075,47,867,407,130,923,1.1,711,2.1
UCL215076,54,1517,391,240,910,1.0,732,2.2
UCL215077,40,1300,491,170,1165,1.1,940,2.4
UCL215078,41,1300,494,180,1175,1.1,961,2.4
UCL215079,45,1031,432,150,1099,1.1,789,2.3
UCL215080,39,1007,446,150,1044,1.1,797,2.4
UCL215081,39,1322,513,210,1337,1.1,1030,2.4
UCL215082,36,1733,597,250,1454,1.1,1442,3.1
UCL215083,44,1350,428,230,943,1.1,784,2.3
UCL215084,49,758,426,135,979,1.1,694,2.1
UCL215085,37,1733,558,261,1375,1.1,1144,2.7
UCL215086,44,1200,438,200,1062,1.0,883,2.3
UCL215087,41,1875,733,684,2542,1.0,2533,3.4
UCL215088,41,1582,577,250,1608,1.1,1242,2.6
UCL215089,34,1408,530,236,1251,1.1,1089,2.7
UCL215090,44,880,419,148,997,1.1,815,2.2
UCL215091,36,1733,600,285,1387,1.0,1214,2.7
UCL215092,40,1517,468,230,1186,1.1,987,2.6
UCL215093,38,1300,453,200,1287,1.1,964,2.4
UCL215094,48,990,393,160,869,1.0,643,2.1
UCL215095,49,1118,420,200,939,1.1,719,2.1
UCL221001,33,1517,647,250,1513,1.1,1419,3.0
UCL221002,43,1200,511,180,1183,1.1,1042,2.4
UCL221003,46,1062,365,137,769,1.1,611,2.1
UCL221004,35,1160,523,230,1312,1.1,1106,2.7
UCL221005,37,1517,644,0,2065,1.1,1819,3.6
UCL221006,52,900,388,135,885,1.1,636,2.0
UCL221007,46,634,440,100,1068,1.1,719,2.3
UCL221008,41,867,441,190,1259,1.1,871,2.3
UCL221009,53,802,387,100,978,1.1,748,2.2
UCL221010,40,1083,420,150,1069,1.1,869,2.4
UCL221011,46,1110,389,160,1021,1.1,835,2.5
UCL221012,37,1582,690,270,1559,1.1,1540,3.1
UCL221013,36,1517,580,320,1362,1.1,1406,3.1
UCL221014,40,1465,623,250,1303,1.1,1152,2.6
UCL221015,49,1192,518,250,1218,1.0,1036,2.2
UCL221016,31,1733,689,210,1413,1.0,1452,2.9
UCL221017,42,867,416,138,975,1.1,813,2.5
UCL221018,51,758,393,120,890,1.1,665,2.1
UCL221019,44,1300,471,180,1172,1.1,881,2.3
UCL221020,48,1034,380,150,876,1.1,672,2.3
UCL221021,54,748,366,123,809,1.1,626,2.0
UCL221022,48,1476,398,220,883,1.1,749,2.2
UCL221023,56,1250,367,200,777,1.0,586,1.9
UCL221024,59,704,342,150,670,1.1,514,2.0
UCL221025,55,1350,451,200,1009,1.1,890,2.4
UCL221026,44,1300,439,250,1113,1.1,897,2.4
UCL221027,52,650,437,120,966,1.0,593,1.9
UCL221028,54,1278,390,174,874,1.1,667,2.0
UCL221029,52,650,380,150,900,1.0,644,2.1
UCL221030,55,2300,617,316,1302,1.1,1184,2.2
UCL221031,40,1700,540,235,1407,1.1,1282,2.9
UCL221032,36,1170,558,135,1508,1.1,1460,2.8
UCL221033,54,1083,377,185,793,1.1,650,2.0
UCL221034,43,1733,631,11,1437,1.1,1209,2.8
UCL221035,51,676,439,130,1161,1.0,823,2.2
UCL221036,35,2167,648,260,1864,1.1,1862,3.4
UCL221037,52,1713,424,250,1005,1.0,787,2.1
UCL221038,57,803,358,125,880,1.1,641,2.1
UCL221039,39,1300,522,220,1442,1.1,1205,2.9
UCL221040,48,700,438,102,949,1.1,716,2.1
UCL221041,37,1647,540,145,1350,1.1,1234,2.8
UCL221042,37,1800,581,400,1506,1.1,1572,3.0
UCL221043,41,888,452,160,927,1.1,822,2.5
UCL221044,48,1350,467,198,979,1.1,820,2.3
UCL221045,36,1300,562,265,1294,1.1,1297,2.9
UCL221046,61,494,333,150,614,1.0,505,1.8
UCL221047,54,1395,391,150,904,1.1,663,2.0
UCL221048,40,1300,461,200,1156,1.1,951,2.5
UCL221049,40,2100,609,35,1730,1.2,1542,3.2
UCL221050,56,1400,514,200,1057,1.1,902,2.2
UCL221051,33,1733,590,450,1672,1.1,1536,3.2
UCL221052,41,1051,398,150,903,1.1,758,2.4
UCL221053,47,748,417,120,947,1.1,743,2.3
UCL221054,43,1250,511,160,1034,1.1,976,2.4
UCL221055,59,1200,439,185,917,1.0,870,2.2
UCL221056,50,1040,396,166,955,1.1,675,2.1
UCL221057,38,1300,518,250,1221,1.1,1045,2.9
UCL221058,29,2114,791,310,1887,1.0,1686,2.7
UCL221059,42,1131,473,190,1166,1.1,884,2.4
UCL221060,50,509,380,80,792,1.1,609,2.1
UCL221061,62,1029,385,215,837,1.1,796,2.0
UCL221062,55,1900,460,270,1057,1.0,869,2.1
UCL221063,37,1127,544,168,1157,1.1,1005,2.3
UCL221064,52,867,369,130,804,1.1,630,2.1
UCL221065,45,650,420,75,934,1.1,710,2.2
UCL221066,32,1473,601,270,1345,1.1,1312,3.0
UCL221067,41,1300,514,230,1173,1.1,996,2.4
UCL221068,47,1083,426,160,1010,1.1,819,2.2
UCL221069,39,1733,586,230,1495,1.1,1417,3.0
UCL221070,43,1040,492,155,1131,1.1,930,2.5
UCL221071,35,1993,620,210,1553,1.1,1232,2.8
UCL221072,48,1300,391,233,1205,1.1,830,2.3
UCL221073,56,1350,455,221,1028,1.0,900,2.2
UCL221074,54,1203,358,191,693,1.1,547,1.8
UCL221075,52,1235,400,160,1010,1.1,742,2.2
UCL221076,53,542,352,110,792,1.1,579,1.9
UCL221077,44,1750,601,280,1466,1.1,1115,2.4
UCL221078,31,1863,535,133,1424,1.1,1172,3.0
UCL221079,53,531,362,100,766,1.0,614,2.0
UCL221080,44,1500,504,175,1455,1.1,1138,2.5
UCL221081,40,1192,521,111,1224,1.1,965,2.5
UCL222001,39,1192,714,0,2222,1.0,1966,3.1
UCL222002,45,2167,714,290,1700,1.0,1416,2.5
UCL222003,42,1383,423,275,933,1.2,939,2.5
UCL222004,26,0,825,0,0,0,0,0
UCL222005,45,737,398,140,929,1.2,654,2.3
UCL222006,40,1083,575,255,1375,1.1,1062,2.7
UCL222007,43,1047,373,150,1187,1.1,1025,2.7
UCL222008,55,310,367,40,1017,1.0,529,2.0
UCL222009,42,1473,545,160,1268,1.1,921,2.3
UCL222010,46,1230,441,150,1278,1.1,771,2.0
UCL222011,48,1625,374,150,895,1.2,733,2.3
UCL222012,41,1365,615,235,1647,1.1,1523,2.8
UCL222013,35,1000,557,222,1547,1.1,1275,3.1
UCL222014,46,1500,535,280,1524,1.0,1212,2.5
UCL222015,45,1509,384,220,1042,1.1,900,2.3
UCL222016,50,1482,641,277,1426,1.0,1385,2.5
UCL222017,40,2037,615,200,1442,1.1,1451,3.0
UCL222018,39,1647,590,226,1620,1.1,1510,3.0
UCL222019,33,1150,489,240,1174,1.1,962,2.2
UCL222020,36,1300,528,150,1312,1.1,1181,2.8
UCL222021,42,650,354,90,972,1.1,724,2.4
UCL222022,57,735,360,100,817,1.0,653,1.9
UCL222023,35,1408,785,340,1583,1.1,1481,2.0
UCL222024,42,1600,602,264,1589,1.1,1442,3.0
UCL222025,39,702,549,168,1281,1.1,1125,2.2
UCL222026,45,800,474,138,1034,1.1,746,2.1
UCL222027,57,949,439,185,781,1.1,640,2.2
UCL222028,38,1580,474,270,1100,1.1,930,2.6
UCL222029,30,0,766,640,2083,1.2,949,1.4
UCL222030,47,1480,531,195,1191,1.0,1014,2.3
UCL222031,42,1517,624,0,1524,1.1,1228,3.0
UCL222032,59,652,320,162,683,1.0,534,1.8
UCL222033,34,975,594,140,1302,1.1,1228,2.7
UCL222034,43,1473,481,255,1437,1.2,1031,2.5
UCL222035,55,732,328,50,875,1.0,561,1.9
UCL222036,39,910,417,210,1017,1.2,733,2.5
UCL222037,46,1000,359,120,937,1.1,636,2.2
UCL222038,45,1483,572,170,1318,1.0,862,2.5
UCL222039,40,1300,511,200,976,1.1,870,2.7
UCL222040,39,691,532,170,1125,1.1,878,2.1
UCL222041,41,1517,425,251,1274,1.2,900,2.3
UCL222042,50,542,319,103,718,1.1,569,2.2
UCL222043,42,1000,409,150,854,1.2,837,2.4
UCL222044,41,1300,529,200,1449,1.1,1134,2.7
UCL222045,37,1688,477,0,1392,1.1,1485,3.2
UCL222046,36,1896,687,225,1853,1.0,1591,2.9
UCL222047,46,1777,586,280,1524,1.1,1166,2.2
UCL222048,48,1079,487,130,1062,1.1,831,2.2
UCL222049,50,600,368,93,961,1.0,677,2.2
UCL222050,45,1192,468,210,1044,1.1,919,2.4
UCL222051,45,852,377,140,915,1.1,727,2.1
UCL222052,55,542,353,100,733,1.1,577,1.9
UCL222053,39,1309,725,243,1416,1.0,1437,3.0
UCL222054,46,1083,411,128,873,1.1,718,2.3
UCL222055,49,758,393,150,850,1.1,587,2.1
UCL222056,48,758,412,100,1292,1.2,779,2.2
UCL222057,49,1506,468,208,870,1.0,959,2.2
UCL222058,50,1050,487,200,979,1.1,918,2.2
UCL222059,34,1450,506,180,1414,1.1,1013,2.5
UCL222060,52,1863,411,350,880,1.1,818,2.2
UCL222061,42,1083,416,102,1259,1.1,880,2.5
UCL222062,38,1300,481,178,1010,1.1,936,2.5
UCL222063,42,975,402,126,991,1.1,761,2.2
UCL222064,50,1300,569,270,1517,1.1,1034,2.3
UCL222065,54,490,351,100,806,1.0,596,2.1
UCL222066,27,1749,747,150,1125,1.0,949,1.9
UCL222067,43,1150,531,122,1028,1.1,949,2.2
UCL222068,27,1500,809,1010,1583,1.5,1375,2.0
UCL222069,49,867,437,80,1162,1.1,726,2.0
UCL222070,40,1690,693,150,1785,1.1,1481,2.9
UCL222071,36,1457,549,225,1463,1.1,1144,2.9
UCL222072,51,800,497,130,1093,1.1,852,2.1
UCL222073,51,1127,482,250,1263,1.0,866,2.1
UCL222074,37,1832,624,250,1954,1.1,1536,3.2
UCL222075,38,1200,503,120,1399,1.1,833,2.7
UCL222076,49,867,373,160,949,1.1,726,2.1
UCL222077,44,650,371,120,914,1.1,617,2.3
UCL222078,42,1062,466,150,1055,1.1,778,2.1
UCL222079,43,1430,495,320,1192,1.0,1062,2.8
UCL222080,42,1367,580,0,2134,1.1,2136,3.3
UCL222081,51,758,380,126,1058,1.1,804,2.1
UCL222082,41,1000,419,188,870,1.1,681,2.0
UCL222083,36,863,460,215,1012,1.1,876,2.5
UCL222084,57,997,383,180,900,1.0,610,1.9
UCL222085,34,1890,675,240,1483,1.1,1268,2.6
UCL222086,38,1408,403,165,968,1.1,924,2.9
UCL222087,48,650,349,110,846,1.1,546,2.1
UCL222088,53,500,354,70,730,1.0,664,2.2
UCL222089,38,780,320,150,846,1.1,644,2.7
UCL222090,44,2167,722,330,1890,1.1,1548,2.7
UCL222091,46,505,385,113,821,1.1,683,2.3
UCL222092,54,1950,500,116,772,1.2,959,2.1
UCL222093,36,1300,669,215,1545,1.1,914,2.2
UCL222094,37,1192,536,350,1666,1.1,1666,3.4
UCL222095,53,975,664,270,2083,1.0,1444,2.4
UCL222096,54,737,367,67,812,1.1,615,2.2
UCL222097,43,1192,484,138,914,1.1,779,2.2
UCL222098,40,1083,469,115,1192,1.1,900,2.5
UCL222099,47,1032,370,250,1036,1.1,817,2.4
UCL222100,38,1500,562,200,1683,1.1,1514,3.2
UCL222101,49,1008,370,130,808,1.0,689,2.1
UCL222102,38,975,526,170,1068,1.1,990,2.3
UCL222103,36,990,511,235,992,1.1,911,2.3
UCL222104,50,1083,353,78,861,1.1,526,2.0
UCL222105,42,1733,508,130,1218,1.1,1097,2.5
UCL222106,35,1517,558,160,1428,1.1,1363,2.9
UCL222107,36,1300,584,190,1278,1.1,1086,2.6
UCL222108,52,953,473,165,1390,1.1,1025,2.2
UCL222109,39,1586,721,220,1924,1.1,1781,3.2
UCL222110,37,1196,486,185,1240,1.0,1090,2.6
UCL222111,53,867,356,150,831,1.0,675,2.1
UCL222112,32,1517,718,185,1944,1.1,1966,3.3
UCL222113,48,867,383,92,814,1.0,604,2.1
UCL222114,36,2000,515,210,1575,1.1,1547,3.0
UCL222115,38,1430,548,150,1339,1.1,1172,2.6
UCL222116,35,1863,415,210,1446,1.2,1112,3.3
UCL222117,46,390,495,280,1078,1.1,900,2.3
UCL222118,46,1101,494,170,1261,1.1,981,2.3
UCL222119,41,1335,591,208,1333,1.1,1020,2.3
UCL222120,43,1298,572,260,1390,1.0,1113,2.6
UCL222121,57,542,358,90,622,1.1,516,2.1
UCL222122,39,1148,579,160,1516,1.1,1093,2.5
UCL222123,34,1712,489,205,1093,1.1,991,2.4
UCL222124,40,2100,850,0,1849,1.1,1468,2.8
UCL222125,39,1192,575,163,1166,1.2,1211,2.7
UCL222126,39,910,443,138,1037,1.1,875,2.5
UCL222127,43,1200,456,180,1062,1.1,840,2.4
UCL231777,43,1408,521,138,1317,1.1,1117,2.7
UCL279997,46,0,2000,0,0,0,0,0
UCL299994,32,0,352,0,0,0,0,0
UCL301001,34,1993,647,330,1655,1.1,1418,2.7
UCL302001,37,2058,570,350,1375,1.1,1169,2.5
UCL303001,35,1733,631,260,1414,1.1,1164,2.5
UCL303002,42,1950,531,335,1240,1.1,1013,2.4
UCL303003,32,1878,682,290,1639,1.1,1390,2.6
UCL311001,35,2167,728,330,1855,1.1,1597,2.7
UCL311002,35,1600,592,240,1460,1.1,1168,2.5
UCL311003,36,1517,555,235,1295,1.1,1021,2.4
UCL312001,40,1400,427,230,987,1.1,809,2.4
UCL312002,33,2000,745,300,1991,1.1,1792,2.7
UCL312003,45,1517,397,250,901,1.1,772,2.4
UCL312004,42,1300,408,210,944,1.1,776,2.3
UCL312005,30,2000,949,250,2421,1.2,2103,2.7
UCL313001,43,1733,492,280,1107,1.0,967,2.5
UCL313002,57,1700,409,260,912,1.1,747,2.1
UCL313003,34,1461,601,250,1400,1.1,1205,2.6
UCL313004,29,2167,915,304,2477,1.1,2294,2.9
UCL313005,39,1387,444,230,971,1.1,801,2.4
UCL313006,39,1712,489,280,1131,1.1,922,2.5
UCL313007,39,1300,477,220,1030,1.1,865,2.4
UCL313008,39,1993,572,280,1426,1.1,1111,2.4
UCL314001,34,2080,697,300,1435,1.1,1221,2.3
UCL314002,41,1582,465,220,1037,1.1,800,2.3
UCL314003,41,1252,531,195,1265,1.1,944,2.4
UCL314004,39,1517,422,260,1005,1.1,820,2.5
UCL314005,32,1733,704,204,1863,1.1,1606,2.6
UCL314006,39,1733,552,250,1352,1.1,1077,2.4
UCL314007,37,1365,487,190,1239,1.1,982,2.5
UCL314008,32,1326,440,240,1041,1.1,877,2.5
UCL314009,35,1517,637,200,1388,1.1,1153,2.5
UCL314010,36,1733,549,230,1292,1.1,1124,2.8
UCL314011,30,1950,661,320,1589,1.1,1498,2.8
UCL314012,38,1950,656,360,1678,1.0,1550,3.0
UCL314013,41,1300,440,180,1019,1.1,782,2.4
UCL314014,35,1473,514,220,1177,1.1,953,2.5
UCL314015,39,1424,446,198,1028,1.1,828,2.4
UCL314016,29,2340,1254,78,2835,1.1,2780,3.0
UCL314017,32,1517,716,220,1628,1.1,1400,2.6
UCL314018,43,1842,445,325,1052,1.1,946,2.6
UCL314019,48,1800,497,325,1205,1.1,975,2.4
UCL314020,35,2167,774,360,2235,1.1,2041,2.8
UCL315001,34,2000,781,370,1976,1.1,1925,3.2
UCL315002,46,1300,451,230,991,1.1,850,2.3
UCL315003,25,0,259,80,631,1.7,1144,5.0
UCL315004,43,1430,416,150,951,1.1,718,2.3
UCL315005,22,0,559,60,1175,1.6,1200,3.7
UCL315006,39,1083,580,100,1430,1.1,1052,2.3
UCL315007,42,1733,417,280,924,1.1,822,2.4
UCL315008,36,2069,492,320,1116,1.1,1037,2.7
UCL315009,29,1733,1155,64,2761,1.1,2686,2.9
UCL315010,44,1300,440,240,1028,1.1,788,2.3
UCL315011,48,1350,381,245,931,1.1,756,2.3
UCL315012,62,1354,336,230,715,1.1,614,2.0
UCL315013,30,2253,774,360,2139,1.1,1913,2.9
UCL315014,52,1070,438,220,1004,1.1,786,2.1
UCL315015,37,1733,641,325,1590,1.1,1503,3.1
UCL315016,31,2123,669,355,1633,1.1,1636,3.3
UCL315017,35,1118,604,150,1277,1.1,1067,2.5
UCL315018,22,0,282,75,710,1.5,781,4.2
UCL315019,46,1474,384,200,854,1.2,685,2.3
UCL315020,34,1517,610,280,1577,1.1,1295,2.5
UCL315021,32,1517,772,100,2259,1.1,1755,2.5
UCL315022,47,1083,370,185,871,1.1,690,2.3
UCL315023,34,1500,833,130,1917,1.2,1574,2.6
UCL315024,39,1300,550,185,1556,1.1,1351,2.2
UCL315025,40,1083,546,180,1221,1.2,907,2.2
UCL315026,50,1300,346,245,755,1.1,693,2.4
UCL315027,43,1600,458,285,997,1.1,793,2.3
UCL315028,53,1083,362,192,772,1.1,601,2.2
UCL315029,36,700,510,90,1202,1.2,866,2.4
UCL315030,37,2145,594,350,1663,1.1,1476,3.0
UCL315031,22,298,280,100,695,1.9,1165,5.0
UCL315032,45,1863,536,410,1353,1.1,1294,2.8
UCL315033,30,1517,1277,60,2809,1.1,2726,2.9
UCL315034,44,1800,509,283,1208,1.1,1001,2.4
UCL315035,49,1300,377,200,840,1.1,673,2.2
UCL315036,31,1800,628,300,1449,1.1,1359,2.9
UCL315037,42,1083,474,155,935,1.1,768,2.3
UCL315038,39,1733,490,320,1150,1.0,1081,2.8
UCL315039,26,0,285,60,719,1.6,981,3.9
UCL315040,28,4167,852,340,2118,1.3,1819,2.2
UCL315041,36,2000,751,340,2079,1.1,1923,2.9
UCL315042,43,1280,500,185,1155,1.1,936,2.5
UCL315043,52,1148,340,190,709,1.1,580,2.2
UCL315044,46,1170,447,160,1148,1.1,792,2.3
UCL315045,41,2392,626,350,1491,1.1,1344,2.6
UCL315046,34,2058,613,330,1562,1.1,1488,3.1
UCL315047,30,2100,658,370,1626,1.1,1650,3.5
UCL315048,35,1733,489,290,1209,1.1,1140,3.0
UCL315049,38,1257,475,270,1098,1.1,872,2.5
UCL315050,36,1474,580,250,1361,1.1,1233,2.7
UCL315051,28,0,286,45,764,1.6,1074,4.0
UCL315052,44,1517,497,211,1181,1.1,961,2.4
UCL315053,37,1098,393,250,906,1.1,735,2.4
UCL315054,38,1800,479,310,1132,1.1,1037,2.7
UCL315055,32,1473,690,160,1459,1.1,1194,2.4
UCL315056,34,1387,460,270,1005,1.1,902,2.7
UCL315057,52,1088,343,220,711,1.1,575,2.1
UCL315058,47,1170,410,180,922,1.1,722,2.3
UCL315059,51,1560,457,300,967,1.0,794,2.2
UCL315060,29,2500,844,370,2115,1.1,2099,3.1
UCL315061,31,1733,620,310,1527,1.1,1492,3.2
UCL315062,29,2000,1514,39,2853,1.1,2822,3.1
UCL315063,38,1200,532,150,1195,1.1,930,2.2
UCL315064,39,1192,481,170,1054,1.1,867,2.4
UCL315065,33,2167,641,198,1781,1.1,1487,2.7
UCL315066,43,1000,395,140,848,1.1,704,2.2
UCL315067,38,1885,554,325,1326,1.1,1208,2.9
UCL315068,46,1574,389,250,879,1.1,768,2.3
UCL315069,37,1820,499,160,1182,1.1,866,2.5
UCL315070,31,2383,863,420,2081,1.0,2036,3.1
UCL315071,46,867,365,155,784,1.1,628,2.2
UCL315072,32,1606,843,125,2055,1.1,1827,2.5
UCL315073,41,900,503,145,973,1.1,830,2.3
UCL315074,39,1014,408,170,916,1.1,762,2.4
UCL315075,43,1114,366,180,803,1.1,679,2.4
UCL315076,48,1800,503,250,972,1.1,866,2.1
UCL315077,37,1249,493,205,1114,1.1,947,2.6
UCL315078,24,0,290,100,947,1.8,1176,4.8
UCL315079,39,1874,530,350,1286,1.0,1128,2.7
UCL315080,39,1311,502,215,1158,1.1,948,2.6
UCL315081,41,1698,474,290,1010,1.1,869,2.5
UCL315082,38,1733,653,275,1348,1.1,1066,2.1
UCL315083,39,1517,520,230,1193,1.1,931,2.4
UCL315084,48,1608,454,220,866,1.1,738,2.1
UCL315085,42,1733,672,360,1946,1.0,1821,3.0
UCL315086,46,1500,397,240,927,1.1,843,2.5
UCL315087,39,1430,499,270,1133,1.1,955,2.4
UCL315088,51,1083,347,200,727,1.1,587,2.0
UCL315089,40,2167,777,650,2563,1.0,2548,3.3
UCL315090,36,1950,552,250,1381,1.1,1215,2.6
UCL315091,34,1300,571,160,1235,1.1,1040,2.6
UCL315092,46,1300,424,185,971,1.1,721,2.2
UCL315093,28,1733,707,114,1722,1.4,1715,3.4
UCL315094,28,70,1204,15,2792,1.1,2770,3.4
UCL315095,58,1300,355,200,701,1.1,580,1.9
UCL315096,40,1582,414,275,874,1.1,834,2.6
UCL315097,37,1430,545,200,1169,1.2,989,2.5
UCL315098,32,2167,749,350,1962,1.1,1838,2.8
UCL315099,38,1733,567,270,1507,1.1,1427,3.0
UCL315100,30,2000,1240,231,2647,1.2,2501,2.8
UCL315101,30,1841,724,330,1733,1.0,1693,3.2
UCL315102,47,1105,391,175,834,1.1,687,2.2
UCL315103,43,1509,610,250,1269,1.1,1048,2.3
UCL315104,37,1534,429,263,1043,1.1,903,2.5
UCL315105,30,1388,653,270,1411,1.1,1367,2.9
UCL315106,39,1733,469,265,1041,1.1,867,2.4
UCL315107,22,0,274,120,728,1.7,1009,4.9
UCL321001,37,2167,484,280,1108,1.1,938,2.5
UCL321002,43,1150,359,213,779,1.1,688,2.2
UCL321003,49,1218,421,190,952,1.1,708,2.3
UCL321004,47,1083,409,235,795,1.1,683,2.3
UCL321005,44,1517,486,215,1187,1.1,1071,2.6
UCL321006,42,2167,656,300,1609,1.1,1583,2.6
UCL321007,21,0,312,90,752,1.4,796,3.8
UCL321008,39,1733,556,320,1228,1.1,1086,2.7
UCL321009,31,1517,565,200,1138,1.1,983,2.8
UCL321010,35,2400,766,180,2356,1.1,2072,2.9
UCL321011,53,1062,359,160,790,1.1,606,2.0
UCL321012,44,1582,525,350,1335,1.0,1066,2.6
UCL321013,38,1777,672,250,1672,1.1,1401,2.8
UCL321014,41,900,441,126,1023,1.1,778,2.2
UCL321015,52,867,342,200,720,1.0,534,2.1
UCL321016,48,1733,736,280,1904,1.0,1773,2.8
UCL321017,39,2150,618,300,1462,1.1,1433,2.8
UCL321018,34,1800,728,350,1812,1.2,1544,3.0
UCL321019,40,1373,392,230,1025,1.2,923,2.8
UCL321020,44,1464,571,160,1550,1.1,1276,2.6
UCL321021,36,2167,642,440,1426,1.1,1527,3.1
UCL321022,42,1127,447,200,1108,1.1,983,2.5
UCL321023,33,1083,533,220,1244,1.1,1074,2.9
UCL321024,38,2000,890,370,2154,1.1,2022,2.7
UCL321025,34,2125,601,320,1309,1.1,1140,2.8
UCL321026,33,1941,790,145,1881,1.1,1531,2.7
UCL321027,52,1387,430,250,955,1.1,802,1.9
UCL321028,42,1500,358,260,857,1.2,778,2.6
UCL321029,39,1231,439,290,925,1.1,772,2.4
UCL321030,43,1950,453,320,1097,1.1,1074,2.9
UCL321031,37,1200,558,210,1237,1.1,978,2.4
UCL321032,41,1387,358,245,765,1.1,704,2.6
UCL321033,36,1950,544,330,1259,1.1,1244,2.8
UCL321034,32,2000,879,400,2211,1.0,2263,3.6
UCL321035,37,1842,608,350,1513,1.1,1379,3.0
UCL321036,39,1800,454,190,1118,1.1,839,2.3
UCL321037,50,1788,386,240,752,1.1,623,2.2
UCL321038,40,1800,497,330,1050,1.1,969,2.6
UCL321039,53,1257,480,250,1005,1.0,896,2.2
UCL321040,42,1577,480,325,1316,1.1,1062,2.6
UCL321041,47,1053,370,165,770,1.1,640,2.2
UCL321042,40,1733,716,410,1908,1.1,1973,3.3
UCL321043,28,0,1328,30,2771,1.1,2720,3.0
UCL321044,37,2167,545,370,1410,1.1,1426,3.0
UCL321045,43,1000,461,215,1256,1.1,1113,2.6
UCL321046,39,2297,571,300,1375,1.1,1404,3.2
UCL321047,49,1083,332,210,701,1.2,592,2.2
UCL321048,35,2023,755,315,1714,1.1,1589,3.1
UCL321049,43,1695,685,240,1789,1.0,1799,2.8
UCL321050,39,1257,428,180,1007,1.1,766,2.4
UCL321051,35,1473,627,280,1530,1.0,1490,3.1
UCL321052,33,1279,456,275,1145,1.1,861,2.7
UCL321053,43,1387,383,170,980,1.1,753,2.2
UCL321054,24,0,292,96,738,1.4,895,3.9
UCL321055,26,1600,633,135,1312,1.4,1348,3.1
UCL321056,44,1517,525,243,1023,1.1,951,2.3
UCL321057,40,758,547,100,1257,1.1,932,2.3
UCL321058,42,700,466,145,938,1.1,759,2.2
UCL321059,51,867,392,140,779,1.1,569,2.0
UCL321060,36,1290,487,223,1133,1.1,970,2.6
UCL321061,47,1061,549,126,1341,1.3,895,2.1
UCL321062,42,1733,515,390,1361,1.1,1322,2.9
UCL321063,47,1170,378,183,845,1.1,683,2.4
UCL321064,54,1224,457,260,958,1.1,826,2.1
UCL321065,42,1560,401,250,915,1.1,781,2.4
UCL321066,46,1842,537,315,1335,1.1,1267,2.7
UCL321067,54,1900,449,200,1010,1.1,708,2.1
UCL321068,41,1325,432,275,1008,1.1,962,2.7
UCL321069,38,1950,601,350,1567,1.1,1441,3.0
UCL321070,38,1810,598,320,1286,1.1,1112,2.5
UCL321071,54,1408,434,270,939,1.0,775,2.0
UCL321072,37,1322,628,175,1357,1.1,1007,2.4
UCL321073,42,1680,604,300,1581,1.1,1559,2.8
UCL321074,36,3055,753,430,1931,1.0,2137,3.4
UCL321075,31,1853,586,295,1476,1.1,1395,3.0
UCL321076,41,1083,552,260,1134,1.2,988,2.4
UCL321077,39,1018,453,120,1297,1.1,796,2.3
UCL321078,38,2500,609,290,1649,1.1,1604,3.3
UCL321079,37,2543,653,310,1640,1.1,1166,2.5
UCL321080,33,2123,649,415,1673,1.1,1594,3.4
UCL321081,24,0,259,91,700,1.5,825,4.2
UCL321082,44,1900,676,195,1788,1.1,1616,2.7
UCL321083,32,963,552,125,1087,1.3,1144,3.0
UCL321084,40,1750,540,280,1312,1.1,1235,2.9
UCL321085,48,1170,354,180,824,1.1,757,2.4
UCL321086,43,1625,491,0,1259,1.1,1110,2.6
UCL321087,39,1733,455,265,1148,1.1,1037,2.7
UCL321088,48,1300,537,260,1125,1.1,859,2.1
UCL321089,33,0,319,80,759,1.5,1049,3.5
UCL321090,46,1800,784,350,1783,1.0,1781,2.6
UCL321091,39,867,641,100,1208,1.1,983,2.3
UCL321092,45,737,357,180,848,1.1,631,2.3
UCL321093,41,715,631,100,1166,1.1,946,2.1
UCL321094,35,1400,633,290,1507,1.1,1444,2.9
UCL321095,53,537,333,125,746,1.3,585,1.9
UCL321096,40,2600,653,400,2137,1.0,1477,2.9
UCL321097,54,797,342,100,749,1.3,529,1.9
UCL321098,49,2167,538,290,1361,1.1,1045,2.3
UCL321099,43,1900,436,250,1125,1.1,1018,2.8
UCL321100,45,889,577,278,1286,1.0,1049,2.5
UCL321101,40,1387,688,250,1477,1.1,1293,2.5
UCL321102,38,1648,728,170,1956,1.1,1513,2.4
UCL321103,41,1625,397,200,987,1.1,954,3.0
UCL321104,35,1000,406,140,809,1.1,782,2.4
UCL321105,47,758,456,120,1056,1.1,792,2.1
UCL321106,50,867,388,135,900,1.1,654,2.0
UCL321107,36,1777,621,310,1554,1.0,1564,3.0
UCL321108,41,1700,450,260,1208,1.1,1004,2.6
UCL321109,47,1517,446,220,1099,1.1,683,2.2
UCL321110,45,1800,546,315,1371,1.1,1309,2.7
UCL321111,49,975,367,200,773,1.1,664,2.2
UCL321112,53,1300,436,255,935,1.1,733,2.0
UCL321113,44,867,423,165,927,1.1,775,2.4
UCL321114,39,1300,494,190,1141,1.1,1081,2.6
UCL321115,42,1000,532,90,1031,1.1,832,2.2
UCL321116,40,1647,569,280,1451,1.0,1394,2.9
UCL321117,51,1871,427,300,978,1.1,828,2.3
UCL321118,39,2000,508,250,1081,1.1,900,2.5
UCL321119,60,1300,381,250,770,1.1,706,2.1
UCL321120,22,0,283,105,700,1.6,750,3.7
UCL321121,44,1634,497,290,1173,1.2,951,2.5
UCL321122,47,960,350,188,796,1.1,612,2.3
UCL321123,47,1231,493,250,1034,1.1,908,2.3
UCL322001,45,1300,845,200,1924,1.1,1930,2.5
UCL322002,39,800,609,100,1194,1.1,1062,2.3
UCL322003,40,1207,494,205,1375,1.2,924,2.1
UCL322004,53,1517,518,220,1021,1.1,840,2.1
UCL322005,39,621,548,90,1007,1.1,818,2.2
UCL322006,55,1625,465,210,974,1.1,700,1.8
UCL322007,50,498,385,85,830,1.1,594,2.1
UCL322008,37,1733,676,240,1625,1.2,1218,2.6
UCL322009,54,1994,385,180,940,1.1,790,2.1
UCL322010,50,867,466,118,1281,1.1,900,2.0
UCL322011,53,845,325,193,772,1.2,495,2.0
UCL322012,41,1600,460,350,1031,1.1,1187,2.6
UCL322013,48,1509,419,220,1012,1.1,684,2.1
UCL322014,46,1820,374,95,824,1.1,659,2.3
UCL322015,41,1409,433,250,876,1.1,740,2.3
UCL322016,36,1459,1136,75,2647,1.1,2658,2.8
UCL322017,30,0,357,33,837,1.3,939,3.5
UCL322018,57,1274,381,180,736,1.0,700,1.9
UCL322019,55,1322,380,275,814,1.1,637,2.0
UCL322020,33,520,590,80,1458,1.2,1102,2.6
UCL322021,38,1733,526,288,1257,1.1,1068,2.7
UCL322022,33,0,723,100,1312,1.5,1235,2.7
UCL322023,54,1634,329,280,781,1.0,681,2.4
UCL322024,51,1733,374,245,918,1.0,884,2.4
UCL322025,46,2500,631,330,1554,1.0,1381,2.4
UCL322026,41,1500,553,185,1278,1.1,1333,2.5
UCL322027,41,1300,476,190,1036,1.1,892,2.2
UCL322028,51,1686,432,193,1031,1.1,872,2.5
UCL322029,26,0,354,80,1041,1.6,1267,3.9
UCL322030,44,1037,381,255,843,1.1,742,2.3
UCL322031,53,2000,594,210,1036,1.2,937,2.1
UCL322032,46,1192,359,130,927,1.1,588,2.2
UCL322033,42,1083,487,100,1125,1.1,946,2.4
UCL322034,53,1279,389,230,946,1.1,753,2.1
UCL322035,40,620,572,50,1542,1.2,840,2.6
UCL322036,40,725,382,110,772,1.1,645,2.3
UCL322037,45,2000,485,160,1083,1.0,1218,2.2
UCL322038,38,2243,870,400,2512,1.0,2374,3.4
UCL322039,23,0,311,30,1031,1.4,1100,4.4
UCL322040,36,1600,621,200,1652,1.2,1544,2.9
UCL322041,41,1000,624,150,1750,1.1,1703,3.0
UCL322042,35,1408,495,205,1218,1.1,918,2.5
UCL322043,41,1170,495,230,984,1.1,952,2.5
UCL322044,26,1200,407,250,880,1.2,806,2.9
UCL322045,44,650,582,100,1468,1.1,914,2.2
UCL322046,43,867,492,200,1010,1.1,924,2.2
UCL322047,47,1018,358,155,675,1.1,609,2.2
UCL322048,40,1345,650,280,1615,1.1,1437,3.0
UCL322049,44,1975,754,290,1708,1.1,1571,2.6
UCL322050,30,1118,514,210,1066,1.1,991,2.6
UCL322051,48,2100,505,240,921,1.2,930,2.2
UCL322052,48,1083,390,125,1031,1.0,745,2.3
UCL322053,26,0,390,50,1303,1.4,772,3.6
UCL322054,33,1351,482,235,1268,1.1,1125,2.9
UCL322055,56,1950,449,200,946,1.1,850,2.1
UCL322056,22,0,293,85,791,1.3,744,3.6
UCL322057,44,1358,383,205,907,1.1,706,2.3
UCL322058,20,0,316,75,733,1.5,1010,4.3
UCL322059,41,737,643,150,1262,1.1,1199,2.3
UCL322060,36,1307,742,130,1312,1.1,972,2.1
UCL322061,34,895,651,200,1262,1.1,1385,2.8
UCL322062,48,1138,415,185,883,1.1,650,2.2
UCL322063,58,1517,466,200,758,1.1,712,2.0
UCL322064,46,995,339,170,763,1.2,592,2.2
UCL322065,51,1517,343,180,724,1.1,588,1.9
UCL322066,26,0,297,113,1019,1.4,1146,3.9
UCL322067,35,1300,376,288,883,1.1,729,2.8
UCL322068,58,1300,483,180,954,1.1,829,2.1
UCL322069,60,765,335,170,690,1.1,569,1.7
UCL322070,20,0,332,95,900,1.5,1233,5.5
UCL322071,30,0,293,53,845,1.4,872,3.3
UCL322072,24,0,332,64,858,1.4,909,3.7
UCL322073,32,1300,584,225,1542,1.2,1270,2.9
UCL322074,29,1560,648,225,1406,1.1,1194,2.9
UCL322075,49,2100,479,210,931,1.1,900,2.4
UCL322076,42,859,384,175,693,1.1,663,2.0
UCL322077,43,1257,500,150,1514,1.1,966,2.3
UCL322078,49,1443,432,210,1239,1.1,1029,2.3
UCL322079,39,1170,363,170,643,1.3,500,2.5
UCL322080,42,1733,675,300,1555,1.1,1451,2.9
UCL322081,42,1000,527,155,1750,1.1,1483,2.6
UCL322082,42,1918,745,250,1687,1.1,1383,2.3
UCL322083,47,1350,367,58,850,1.2,900,2.1
UCL322084,35,1387,484,205,1215,1.1,942,2.5
UCL322085,33,1300,473,220,1516,1.1,1303,3.2
UCL322086,50,1193,423,145,1166,1.0,850,2.4
UCL322087,35,1950,993,300,2200,1.2,1957,2.6
UCL322088,21,0,314,50,646,1.6,789,3.4
UCL322089,43,1296,576,230,1171,1.1,1075,2.4
UCL322090,45,1980,612,250,1125,1.2,1031,2.6
UCL322091,59,823,356,180,827,1.1,643,2.0
UCL322092,44,1450,419,320,1116,1.1,991,2.8
UCL322093,36,1842,584,255,1666,1.1,1260,3.1
UCL322094,48,1300,488,220,1178,1.1,890,2.0
UCL322095,30,1800,673,360,1853,1.0,1760,3.2
UCL322096,58,1913,353,205,808,1.1,680,2.0
UCL322097,51,368,350,60,685,1.1,515,2.2
UCL322098,18,0,280,60,609,1.4,719,4.1
UCL322099,46,2800,724,300,1856,1.1,1583,2.4
UCL322100,44,1975,661,325,1514,1.1,1053,2.2
UCL322101,36,1322,545,200,2041,1.1,1125,2.4
UCL322102,31,0,500,48,1156,1.3,833,2.8
UCL322103,43,1441,433,300,1023,1.1,949,2.4
UCL322104,42,1083,490,200,1011,1.1,900,2.5
UCL322105,42,1473,500,170,1171,1.1,1021,2.6
UCL322106,43,1192,439,300,987,1.1,807,2.5
UCL322107,24,0,344,35,956,1.3,791,3.3
UCL322108,45,1000,536,100,918,1.0,749,2.1
UCL322109,41,867,514,90,1158,1.1,929,2.2
UCL322110,36,2284,697,500,1776,1.1,1783,3.6
UCL322111,51,953,381,250,1036,1.2,855,2.3
UCL322112,55,500,447,185,1083,1.1,749,1.9
UCL322113,32,1213,496,180,1162,1.1,1109,2.7
UCL322114,31,818,734,115,1325,1.1,1416,2.6
UCL322115,37,1733,576,175,1750,1.1,1538,2.9
UCL322116,44,1378,515,166,840,1.1,811,2.2
UCL322117,50,1200,382,178,814,1.1,693,2.2
UCL322118,56,1560,455,225,1192,1.2,815,1.9
UCL322119,48,1733,589,320,1295,1.0,1260,2.6
UCL322120,45,1000,333,180,607,1.1,596,2.7
UCL322121,55,1733,396,180,1399,1.1,1062,2.5
UCL322122,55,1595,430,205,909,1.1,757,2.1
UCL322123,25,0,294,55,614,1.5,586,3.7
UCL322124,48,1517,514,240,1087,1.2,1069,2.2
UCL322125,41,1950,428,160,1042,1.1,958,2.9
UCL322126,39,1200,509,140,1416,1.0,843,2.2
UCL322127,42,914,577,95,1083,1.0,969,2.1
UCL322128,21,0,288,75,657,1.3,729,4.3
UCL322129,41,2000,432,360,1097,1.2,1343,3.3
UCL322130,24,0,258,65,614,1.4,933,3.7
UCL322131,42,1733,587,250,2200,1.1,2150,3.2
UCL322132,48,780,437,185,1156,1.1,739,2.6
UCL322133,47,550,306,160,739,1.1,529,2.3
UCL322134,25,0,302,75,824,1.2,933,3.3
UCL322135,36,813,387,75,1125,1.1,1014,2.6
UCL322136,31,433,474,88,675,1.5,1025,2.6
UCL322137,38,888,422,150,866,1.3,700,2.7
UCL322138,42,1300,407,0,959,1.1,700,2.2
UCL322139,43,975,607,125,949,1.1,956,2.2
UCL322140,58,0,391,0,1350,1.2,620,1.9
UCL322141,64,420,326,100,650,1.1,509,2.0
UCL331777,42,1600,518,168,1281,1.1,1102,2.7
UCL379997,46,0,666,0,0,0,0,0
UCL399994,44,0,379,0,0,0,0,0
UCL401001,38,1528,550,250,1389,1.1,1090,2.4
UCL412001,39,1500,541,225,1372,1.1,1062,2.5
UCL412002,37,1257,504,160,1172,1.1,897,2.3
UCL412003,56,1200,400,215,885,1.0,738,2.1
UCL412004,38,1300,471,150,1276,1.1,932,2.3
UCL413001,42,1800,747,300,2048,1.1,1732,2.7
UCL413002,36,1690,584,271,1444,1.0,1169,2.6
UCL413003,39,1200,448,180,985,1.1,801,2.4
UCL413004,38,1203,537,150,1226,1.1,974,2.4
UCL413005,38,1300,523,180,1205,1.1,923,2.4
UCL413006,40,1000,394,150,977,1.1,740,2.3
UCL414001,40,1400,528,225,1248,1.0,965,2.3
UCL414002,42,1500,506,248,1156,1.1,951,2.4
UCL415001,44,1200,558,180,1301,1.1,1010,2.3
UCL415002,35,1733,655,255,1689,1.0,1580,3.3
UCL415003,45,1040,443,160,1036,1.0,809,2.2
UCL415004,42,1625,589,270,1545,1.1,1238,2.5
UCL415005,49,1083,374,136,809,1.1,577,2.1
UCL415006,39,1083,453,150,910,1.1,748,2.2
UCL415007,38,1083,547,166,1165,1.1,913,2.3
UCL415008,38,1213,623,150,1391,1.1,1019,2.3
UCL415009,41,1299,523,195,1232,1.1,962,2.3
UCL415010,45,650,441,100,1004,1.1,727,2.0
UCL415011,49,953,420,150,1016,1.1,758,2.2
UCL415012,35,1218,539,240,1375,1.0,1193,2.7
UCL415013,47,1950,552,250,1600,1.1,1225,2.4
UCL415014,48,1083,508,150,1174,1.0,864,2.1
UCL415015,42,1127,434,180,1056,1.1,796,2.3
UCL415016,44,1100,459,180,1088,1.1,863,2.3
UCL415017,48,1116,478,165,996,1.1,793,2.1
UCL415018,50,1062,451,140,922,1.0,760,2.1
UCL415019,40,1560,563,220,1402,1.0,1329,2.9
UCL415020,40,1514,532,230,1268,1.1,1048,2.5
UCL415021,44,1109,467,140,1089,1.1,804,2.2
UCL415022,39,1406,570,250,1403,1.1,1252,2.7
UCL415023,49,1053,406,150,911,1.1,727,2.2
UCL415024,52,953,409,170,870,1.1,691,2.0
UCL415025,33,1829,688,285,1741,1.0,1574,3.0
UCL415026,48,1517,500,270,1264,1.0,954,2.3
UCL415027,42,975,419,130,1026,1.1,775,2.3
UCL415028,53,1127,386,200,860,1.0,697,2.1
UCL415029,36,1475,489,250,1108,1.1,1072,2.8
UCL415030,34,1625,638,260,1498,1.1,1309,2.7
UCL415031,38,1127,565,170,1198,1.1,955,2.3
UCL415032,57,1100,414,210,871,1.0,739,2.1
UCL415033,41,1224,585,150,1294,1.1,972,2.3
UCL415034,50,520,353,125,720,1.1,542,2.0
UCL415035,44,1000,462,145,1125,1.1,875,2.3
UCL415036,40,1007,414,150,924,1.1,728,2.2
UCL415037,45,1404,535,170,1193,1.0,836,2.2
UCL415038,29,2323,1464,200,2844,1.1,2755,2.9
UCL415039,46,1116,445,180,1079,1.0,742,2.2
UCL415040,46,880,393,160,931,1.1,727,2.3
UCL415041,43,1300,576,225,1490,1.0,1120,2.3
UCL415042,54,1300,437,160,991,1.1,698,2.1
UCL415043,38,1451,539,250,1343,1.1,1130,2.7
UCL415044,47,997,391,147,914,1.1,666,2.1
UCL415045,52,1083,385,189,831,1.0,707,2.1
UCL415046,36,1517,548,210,1451,1.1,1306,2.8
UCL415047,42,1430,532,250,1402,1.0,1116,2.7
UCL415048,39,1517,558,265,1305,1.0,1086,2.5
UCL421001,42,1000,458,180,1312,1.1,878,2.1
UCL421002,58,1154,398,142,866,1.1,691,1.9
UCL421003,39,1517,548,250,1298,1.1,1162,2.5
UCL421004,49,676,451,130,1083,1.1,763,2.0
UCL421005,52,802,525,96,1280,1.1,945,2.1
UCL421006,40,1452,683,250,1815,1.1,1587,3.2
UCL421007,53,977,457,165,946,1.1,840,2.1
UCL421008,44,1083,446,200,1072,1.1,890,2.3
UCL421009,41,1096,535,120,1255,1.0,971,2.3
UCL421010,35,1517,610,254,1536,1.1,1257,2.7
UCL421011,52,975,382,180,774,1.1,651,2.1
UCL421012,48,650,351,130,728,1.1,592,2.2
UCL421013,39,1300,612,210,1447,1.1,1290,2.8
UCL421014,45,1387,487,243,1444,1.0,1080,2.5
UCL421015,41,1089,413,175,943,1.1,854,2.3
UCL421016,41,1684,657,310,1702,1.1,1591,3.1
UCL421017,33,1600,675,275,1325,1.1,1333,2.8
UCL421018,41,953,534,135,1178,1.0,888,2.2
UCL421019,52,607,493,110,1234,1.1,805,2.1
UCL421020,48,884,488,120,1111,1.0,905,2.1
UCL421021,37,0,1142,35,2560,1.1,2283,2.3
UCL421022,40,1387,543,265,1286,1.1,1088,2.7
UCL421023,40,1100,501,175,1426,1.1,1031,2.6
UCL421024,36,1300,622,260,1375,1.1,1209,2.6
UCL421025,48,1083,410,140,895,1.1,712,2.1
UCL421026,50,1213,368,195,788,1.1,683,2.1
UCL421027,55,900,394,110,906,1.1,696,2.1
UCL421028,41,1380,455,200,1110,1.1,890,2.4
UCL421029,40,758,355,125,810,1.1,636,2.2
UCL421030,40,1300,651,250,1897,1.0,1769,3.2
UCL421031,48,750,392,120,1086,1.1,762,2.2
UCL421032,42,1083,547,160,1218,1.0,888,2.3
UCL421033,47,650,467,105,1156,1.1,768,2.0
UCL421034,61,1081,386,175,826,1.0,645,1.9
UCL421035,50,870,408,135,831,1.1,745,2.1
UCL421036,42,1012,484,175,949,1.1,749,2.2
UCL421037,25,0,321,40,930,1.7,1708,4.4
UCL421038,49,899,416,150,840,1.0,702,2.1
UCL421039,33,1559,607,300,1606,1.0,1434,3.2
UCL421040,58,1083,392,160,850,1.0,671,2.0
UCL421041,45,1733,614,188,1898,1.0,1652,2.7
UCL421042,30,2167,615,200,1550,1.1,1474,3.1
UCL421043,41,758,551,110,1381,1.0,993,2.2
UCL421044,51,1083,389,195,771,1.1,627,2.0
UCL421045,50,758,395,150,818,1.0,685,2.1
UCL422001,47,1192,458,250,1059,1.1,789,2.1
UCL422002,33,1384,526,220,1437,1.1,1107,2.8
UCL422003,25,0,236,20,526,2.0,1135,4.6
UCL422004,58,400,381,150,866,1.0,661,2.1
UCL422005,48,734,465,180,870,1.1,809,2.0
UCL422006,47,1083,526,200,1273,1.0,858,2.0
UCL422007,54,1312,531,160,1062,1.0,861,2.2
UCL422008,56,1142,363,150,714,1.1,547,1.9
UCL422009,37,1127,522,180,949,1.1,761,2.6
UCL422010,58,975,387,112,918,1.0,766,2.0
UCL422011,43,1950,603,320,1410,1.0,1258,2.8
UCL422012,48,867,374,200,814,1.0,661,2.0
UCL422013,32,1170,566,220,1300,1.1,1022,2.5
UCL422014,61,1042,428,190,982,1.0,726,1.9
UCL422015,36,1257,686,200,1886,1.1,1700,3.1
UCL422016,45,1777,556,170,2023,1.0,1125,2.3
UCL422017,60,813,386,165,723,1.0,620,1.8
UCL422018,41,650,381,130,1125,1.1,1017,2.4
UCL422019,56,450,402,140,820,1.1,664,1.8
UCL422020,46,433,390,100,1025,1.1,733,2.1
UCL422021,59,715,375,90,747,1.1,623,1.9
UCL422022,44,989,572,143,981,1.2,808,2.2
UCL422023,49,867,527,90,1062,1.1,724,1.9
UCL422024,26,0,279,20,706,1.8,1559,4.6
UCL422025,41,758,403,130,771,1.0,675,2.4
UCL422026,52,663,410,125,924,1.0,713,2.1
UCL422027,36,1652,621,0,1652,1.0,1568,2.8
UCL422028,47,886,396,120,1100,1.1,686,2.1
UCL422029,49,780,483,120,1202,1.1,911,2.4
UCL422030,24,0,307,40,738,1.6,1031,3.7
UCL422031,55,693,357,125,783,1.0,634,1.9
UCL422032,41,607,335,100,757,1.1,669,2.5
UCL422033,43,1656,577,80,1932,1.1,1421,2.7
UCL422034,40,1700,617,200,1562,1.1,1281,2.8
UCL422035,42,958,433,180,1125,1.1,1007,2.9
UCL422036,39,1170,442,300,945,1.0,890,2.3
UCL422037,37,867,406,200,1262,1.0,1016,2.6
UCL422038,38,910,442,66,875,1.1,776,2.4
UCL422039,50,2463,506,233,1011,1.0,860,2.0
UCL422040,57,2123,402,190,943,1.0,763,2.1
UCL422041,52,1213,341,120,792,1.1,690,2.0
UCL422042,54,900,368,135,743,1.1,646,2.2
UCL422043,61,2000,367,150,804,1.0,696,2.0
UCL422044,48,871,374,145,745,1.0,606,2.2
UCL422045,48,498,364,130,850,1.1,605,2.2
UCL422046,47,1517,489,125,1636,1.1,956,2.2
UCL422047,50,800,379,113,880,1.1,677,2.2
UCL422048,42,1062,493,225,1100,1.0,918,2.3
UCL422049,54,969,378,155,772,1.1,637,1.8
UCL422050,42,867,472,184,1149,1.1,855,2.4
UCL422051,42,758,350,125,845,1.1,761,2.4
UCL422052,40,650,521,110,1111,1.0,984,2.2
UCL422053,34,1083,533,150,1305,1.1,1125,2.8
UCL422054,51,575,339,93,756,1.1,540,2.0
UCL422055,39,1408,512,232,1103,1.1,978,2.5
UCL422056,38,2058,440,280,1117,1.1,1047,3.1
UCL422057,43,950,465,138,1010,1.1,955,2.3
UCL422058,53,687,419,130,900,1.0,636,2.0
UCL422059,35,0,860,150,1549,1.0,1292,2.0
UCL422060,25,1454,613,253,1633,1.0,1187,3.1
UCL422061,27,0,374,20,1375,1.5,1416,4.1
UCL431777,43,1300,529,110,1273,1.1,1071,2.6
UCL479997,36,0,966,0,0,0,0,0
UCL499994,39,0,368,0,0,0,0,0
UCL501001,36,2000,667,320,1778,1.1,1449,2.6
UCL511001,36,1837,622,270,1662,1.0,1382,2.6
UCL512001,40,1517,515,240,1241,1.1,974,2.4
UCL512002,40,1800,522,265,1247,1.0,980,2.5
UCL512003,30,2338,790,370,1895,1.0,1789,3.0
UCL512004,36,1690,595,230,1466,1.1,1201,2.6
UCL512005,31,1950,897,260,2287,1.1,1972,2.7
UCL513001,28,2356,883,370,2081,1.0,2001,3.1
UCL513002,33,2600,862,220,2012,1.2,1716,2.7
UCL513003,32,3094,1543,131,2981,1.1,2870,2.9
UCL513004,30,2503,1368,120,2946,1.2,2818,2.8
UCL514001,39,1500,489,200,1602,1.1,1211,2.4
UCL514002,38,1517,575,200,1391,1.1,1105,2.5
UCL514003,34,1796,628,295,1351,1.1,1184,2.6
UCL514004,30,364,1538,80,2992,1.1,2851,2.9
UCL514005,38,1300,516,183,1261,1.1,983,2.5
UCL515001,39,1733,674,250,1913,1.0,1534,2.5
UCL515002,43,1300,482,193,1021,1.0,749,2.3
UCL515003,35,1884,575,300,1268,1.0,1153,2.6
UCL515004,35,1560,501,250,1160,1.1,974,2.6
UCL515005,37,1473,589,152,1428,1.2,1103,2.5
UCL515006,34,1800,1630,250,3220,1.1,3065,2.8
UCL515007,43,1350,432,220,1002,1.1,742,2.1
UCL515008,31,1733,681,130,1674,1.2,1531,2.8
UCL515009,41,1387,457,212,1132,1.1,934,2.5
UCL515010,33,1930,761,390,1949,1.0,1745,2.9
UCL515011,36,2000,670,325,1551,1.0,1359,2.6
UCL515012,37,2167,758,264,1765,1.1,1397,2.4
UCL515013,29,1026,385,35,855,1.3,1174,3.1
UCL515014,40,1409,418,200,1223,1.1,898,2.4
UCL515015,40,1950,564,220,1300,1.0,997,2.2
UCL515016,46,1387,465,200,985,1.1,743,2.2
UCL515017,28,1500,1014,200,2617,1.1,2434,2.9
UCL515018,36,1196,525,150,1132,1.1,942,2.6
UCL515019,30,2400,864,150,1835,1.3,1669,2.7
UCL515020,38,1257,499,160,1138,1.1,912,2.4
UCL515021,35,1100,581,140,1420,1.1,1066,2.3
UCL515022,37,867,571,150,1414,1.1,1211,2.5
UCL515023,39,1174,430,190,1055,1.1,801,2.4
UCL515024,37,1300,506,160,1181,1.1,955,2.4
UCL515025,30,232,1667,30,2964,1.1,2799,2.8
UCL515026,38,1733,432,220,1132,1.1,906,2.6
UCL515027,45,1700,516,193,1244,1.1,932,2.4
UCL515028,30,300,1498,35,2931,1.1,2836,3.0
UCL515029,40,1950,469,280,1131,1.0,894,2.3
UCL515030,47,927,432,140,1132,1.1,782,2.3
UCL515031,40,1376,464,200,1380,1.1,1008,2.4
UCL515032,29,2500,1316,29,2890,1.2,2771,3.1
UCL515033,38,2057,597,320,1455,1.0,1251,2.6
UCL515034,46,1408,442,200,1030,1.1,856,2.3
UCL521001,37,1768,620,165,2136,1.0,1852,3.0
UCL521002,59,1213,415,200,907,1.0,634,1.9
UCL521003,46,1517,540,230,1162,1.0,1049,2.6
UCL521004,25,0,273,50,695,1.9,1102,4.8
UCL521005,55,867,379,123,805,1.1,622,2.1
UCL521006,24,0,278,50,806,1.7,1149,4.9
UCL521007,37,1850,946,200,2260,1.1,1880,2.7
UCL521008,41,1517,571,120,1396,1.1,1095,2.5
UCL521009,47,737,444,165,1166,1.1,684,2.2
UCL521010,44,1200,396,100,1142,1.1,760,2.2
UCL521011,45,451,457,75,1171,1.1,771,2.2
UCL521012,38,1517,494,200,1168,1.1,1103,2.6
UCL521013,31,2000,674,310,1793,1.1,1776,2.9
UCL521014,36,1800,659,277,2073,1.1,1764,3.3
UCL521015,38,1860,573,300,1423,1.1,1191,2.6
UCL521016,39,867,547,121,1392,1.2,1213,2.3
UCL521017,52,867,546,104,1132,1.0,850,2.0
UCL521018,35,2000,669,290,1434,1.0,1332,2.8
UCL521019,39,997,577,135,1348,1.1,1085,2.3
UCL521020,37,964,701,148,1647,1.0,1160,2.4
UCL521021,48,1005,526,150,1149,1.1,828,2.0
UCL521022,47,1800,385,165,979,1.1,900,2.6
UCL521023,34,1378,585,280,1318,1.1,1149,2.5
UCL521024,38,1840,702,350,1750,1.1,1354,2.7
UCL521025,31,704,527,125,1277,1.1,892,2.6
UCL521026,45,945,439,103,888,1.1,730,2.2
UCL521027,28,175,354,80,847,1.5,1134,3.3
UCL521028,37,1409,719,250,2291,1.1,1734,2.4
UCL521029,39,2200,606,250,1639,1.1,1458,2.8
UCL521030,30,1200,855,170,2089,1.1,1863,2.6
UCL521031,46,728,371,104,929,1.1,755,2.5
UCL521032,43,977,494,142,1157,1.1,886,2.3
UCL521033,50,1083,510,190,983,1.1,812,2.1
UCL521034,30,0,1559,0,2537,1.1,2558,3.1
UCL521035,29,800,836,92,1816,1.2,1485,2.5
UCL521036,43,1500,547,265,1517,1.1,1268,2.6
UCL521037,40,2383,634,450,1867,1.1,1750,3.2
UCL521038,33,417,533,100,1595,1.2,1092,2.4
UCL521039,36,850,466,150,1153,1.1,1026,2.6
UCL521040,34,650,416,130,892,1.3,1006,2.6
UCL521041,40,1742,578,150,1620,1.1,1336,2.8
UCL521042,35,1950,567,300,1504,1.1,1484,3.0
UCL521043,39,660,577,100,1461,1.1,1051,2.1
UCL521044,46,1250,368,130,872,1.1,739,2.2
UCL521045,45,1600,517,270,1008,1.1,940,2.5
UCL521046,39,1858,926,65,1791,1.2,1466,2.4
UCL521047,32,0,1821,28,2864,1.1,2783,2.7
UCL521048,38,1500,457,165,1062,1.1,926,2.6
UCL521049,47,1083,379,125,804,1.1,665,2.2
UCL521050,50,636,446,88,958,1.1,784,2.1
UCL521051,33,1083,574,170,1275,1.5,1512,3.4
UCL521052,38,1950,629,370,1755,1.1,1540,3.0
UCL521053,36,867,697,127,1702,1.1,1388,2.5
UCL521054,49,1844,445,220,952,1.1,754,2.2
UCL521055,34,932,552,120,1383,1.1,965,2.2
UCL521056,44,1900,375,300,926,1.0,866,2.6
UCL521057,36,1192,507,112,1213,1.1,995,2.7
UCL521058,30,1517,602,80,1302,1.3,1287,2.8
UCL522001,50,1040,368,185,746,1.0,650,2.2
UCL522002,21,0,303,95,742,1.5,949,3.9
UCL522003,19,0,285,30,662,1.7,890,4.8
UCL522004,20,0,278,50,650,1.6,755,4.1
UCL522005,42,1400,651,395,2374,1.0,1971,3.0
UCL522006,48,1300,533,150,956,1.0,850,1.9
UCL522007,39,900,397,157,1281,1.1,700,2.8
UCL522008,30,1750,618,200,1704,1.1,1363,2.8
UCL522009,48,1625,571,250,1390,1.2,820,2.0
UCL522010,46,2000,664,200,1881,1.1,1625,3.0
UCL522011,41,867,551,110,1517,1.1,1062,2.1
UCL522012,51,900,438,205,946,1.0,779,2.1
UCL522013,41,1517,363,220,1166,1.1,1125,2.8
UCL522014,38,0,612,60,1416,1.2,680,1.7
UCL522015,38,740,417,98,1055,1.1,857,2.3
UCL522016,44,1000,483,250,1140,1.1,985,2.5
UCL522017,50,577,391,100,840,1.1,625,2.1
UCL522018,33,1603,650,280,1652,1.1,1478,2.8
UCL522019,45,650,511,95,919,1.1,923,2.2
UCL522020,27,0,317,53,733,1.5,755,3.4
UCL522021,41,758,432,100,907,1.0,770,2.0
UCL522022,39,1950,529,200,1218,1.1,1281,2.4
UCL522023,59,1647,426,250,779,1.0,675,1.9
UCL522024,44,780,422,140,1025,1.1,711,2.2
UCL522025,38,1660,555,300,1265,1.1,1160,2.7
UCL522026,32,2167,731,400,2288,1.2,2392,3.6
UCL522027,31,600,777,112,1708,1.1,1362,2.5
UCL522028,23,0,275,70,814,1.9,1545,4.7
UCL522029,22,0,280,50,873,1.5,977,3.9
UCL522030,50,1170,348,190,723,1.1,642,2.3
UCL522031,26,0,239,5,841,2.0,2062,5.5
UCL522032,39,833,497,120,782,1.2,713,2.4
UCL522033,45,440,437,85,924,1.0,749,2.5
UCL522034,39,607,504,117,1125,1.1,766,2.3
UCL522035,41,950,735,115,1666,1.1,1215,2.3
UCL522036,38,953,854,100,974,1.2,1204,2.2
UCL522037,45,2492,446,165,1273,1.0,881,2.3
UCL522038,24,0,277,130,713,1.6,924,4.6
UCL522039,34,0,724,70,820,1.4,1166,2.3
UCL522040,17,0,255,35,610,1.6,772,4.8
UCL522041,40,332,637,120,1083,1.1,931,2.3
UCL522042,48,500,555,65,1031,1.0,809,2.0
UCL522043,37,600,486,95,900,1.1,858,2.3
UCL522044,44,1300,440,137,962,1.1,792,2.3
UCL522045,44,1083,478,134,1025,1.1,885,2.1
UCL522046,35,1214,507,208,1587,1.1,1375,2.7
UCL522047,44,2000,669,300,1714,1.0,1514,2.3
UCL522048,40,2300,1369,750,2750,1.1,2616,2.5
UCL522049,33,1000,787,150,1821,1.1,1361,2.4
UCL522050,35,840,370,100,891,1.2,617,2.9
UCL522051,41,563,533,120,1194,1.1,887,2.1
UCL522052,32,0,251,50,577,2.0,979,4.8
UCL522053,47,1800,620,0,1566,1.0,1472,2.6
UCL522054,52,500,394,175,781,1.1,650,2.1
UCL522055,28,0,280,21,556,1.4,1070,3.4
UCL522056,26,0,251,50,457,1.5,675,4.1
UCL522057,34,1300,736,100,1750,1.0,1681,2.8
UCL522058,46,638,385,130,857,1.0,825,2.2
UCL522059,36,867,602,170,1333,1.1,933,2.3
UCL522060,27,380,410,14,959,1.5,1518,3.3
UCL522061,36,1387,560,300,1387,1.1,1171,2.5
UCL522062,50,444,373,140,880,1.0,690,1.8
UCL522063,35,1083,350,198,860,1.1,625,2.4
UCL522064,23,0,309,35,987,1.6,1100,4.4
UCL522065,27,0,266,100,700,1.4,900,2.9
UCL522066,29,0,265,21,616,1.4,900,4.1
UCL522067,36,0,833,0,1812,1.1,1281,1.9
UCL531777,40,1733,673,100,1418,1.1,1222,2.7
UCL579997,36,0,2000,0,0,0,0,0
UCL599994,40,0,491,0,0,0,0,0
UCL603001,39,1486,558,240,1365,1.1,1055,2.4
UCL611001,38,1300,497,200,1210,1.1,930,2.3
UCL612001,40,1239,447,189,1017,1.1,809,2.3
UCL613001,39,1127,447,175,1041,1.1,813,2.3
UCL613002,44,1200,440,180,1067,1.1,804,2.3
UCL614001,40,1192,397,191,968,1.1,764,2.4
UCL614002,45,1170,392,171,978,1.1,754,2.3
UCL615001,43,914,362,160,809,1.1,638,2.3
UCL615002,50,867,373,190,895,1.1,701,2.2
UCL615003,50,1138,435,185,942,1.0,706,2.0
UCL615004,47,1209,388,180,910,1.1,673,2.2
UCL615005,38,1300,543,230,1239,1.1,977,2.5
UCL615006,43,1408,467,230,1157,1.1,967,2.5
UCL615007,38,1083,366,170,849,1.1,700,2.4
UCL615008,36,1300,579,200,1380,1.1,1133,2.6
UCL615009,40,1300,437,200,988,1.1,776,2.3
UCL615010,42,1300,424,180,979,1.1,802,2.3
UCL615011,39,1528,561,275,1428,1.1,1274,2.8
UCL615012,45,1246,444,180,1062,1.1,819,2.3
UCL615013,32,1733,640,293,1452,1.1,1297,2.7
UCL615014,36,1322,583,250,1277,1.1,1051,2.4
UCL615015,43,1192,417,199,1099,1.1,837,2.4
UCL615016,39,1300,515,200,1225,1.1,968,2.4
UCL615017,48,1447,474,230,1130,1.1,859,2.2
UCL615018,39,758,413,125,1143,1.1,821,2.2
UCL615019,44,1019,396,150,960,1.1,719,2.3
UCL615020,47,1083,365,162,853,1.1,644,2.3
UCL615021,39,1083,496,143,1092,1.1,840,2.3
UCL615022,44,1430,440,230,1057,1.1,832,2.3
UCL615023,53,1083,367,170,811,1.1,627,2.0
UCL615024,45,1210,403,180,939,1.1,785,2.2
UCL621001,50,1517,470,165,1007,1.1,815,2.1
UCL621002,51,800,371,150,795,1.1,633,2.1
UCL621003,34,1720,858,260,2146,1.1,1955,2.9
UCL621004,34,1200,434,185,1129,1.1,937,2.5
UCL621005,43,921,590,118,1316,1.1,853,1.9
UCL621006,42,1040,402,155,935,1.1,674,2.4
UCL621007,41,1610,705,350,1743,1.1,1488,2.5
UCL621008,40,975,374,183,847,1.1,726,2.4
UCL621009,44,1213,492,150,967,1.1,848,2.4
UCL621010,48,1717,532,200,1406,1.1,1194,2.7
UCL621011,40,1559,677,220,1836,1.0,1731,2.9
UCL621012,49,1213,474,250,1152,1.1,981,2.4
UCL621013,43,1300,604,295,1544,1.2,1236,2.7
UCL621014,51,824,376,110,739,1.1,637,2.1
UCL621015,57,1300,447,200,892,1.1,805,2.1
UCL621016,47,940,388,195,850,1.1,627,2.0
UCL621017,44,953,368,180,758,1.1,734,2.6
UCL621018,29,1300,549,250,1210,1.1,1073,2.7
UCL621019,44,1430,523,225,1386,1.1,1099,2.5
UCL621020,34,650,543,125,1452,1.1,1285,2.3
UCL621021,46,1300,395,185,933,1.1,700,2.2
UCL621022,38,1495,483,270,1261,1.1,1004,2.5
UCL621023,40,1200,564,230,1209,1.1,1037,2.3
UCL621024,46,850,350,148,775,1.1,629,2.2
UCL621025,57,1000,358,210,740,1.1,623,2.1
UCL621026,41,1404,573,100,1363,1.1,995,2.1
UCL621027,41,1361,516,200,1321,1.0,1110,2.7
UCL621028,60,1050,402,200,792,1.1,678,1.9
UCL621029,42,952,361,170,770,1.1,675,2.4
UCL621030,35,720,398,134,1239,1.1,1006,2.4
UCL622001,35,1273,500,220,1258,1.1,1109,2.7
UCL622002,57,1343,363,185,711,1.0,680,1.9
UCL622003,43,832,354,165,760,1.1,695,2.2
UCL622004,42,1083,418,190,1062,1.1,869,2.5
UCL622005,51,986,355,33,850,1.1,700,2.2
UCL622006,39,997,471,230,1057,1.1,811,2.3
UCL622007,41,1160,519,230,1302,1.1,1010,2.7
UCL622008,41,1148,496,213,1375,1.1,1158,2.7
UCL622009,39,1600,757,240,1666,1.1,1422,2.6
UCL622010,52,1387,633,164,1750,1.0,1632,2.6
UCL622011,54,934,385,170,923,1.0,747,2.1
UCL622012,49,812,392,78,982,1.1,821,2.2
UCL622013,52,769,444,168,792,1.1,771,2.0
UCL622014,29,1560,674,270,1351,1.1,1254,2.6
UCL622015,44,1100,408,180,811,1.2,692,2.4
UCL622016,46,563,353,50,929,1.0,717,2.2
UCL622017,45,1250,523,235,1191,1.0,1057,2.5
UCL622018,56,1200,296,150,1208,1.1,1007,2.2
UCL622019,44,1304,466,0,1260,1.0,939,2.5
UCL622020,48,1517,459,162,1337,1.1,850,2.1
UCL622021,45,1517,602,100,1303,1.0,1297,2.5
UCL622022,42,1040,395,175,1017,1.1,749,2.4
UCL622023,44,950,569,300,990,1.0,915,2.4
UCL622024,39,1200,425,119,937,1.0,866,2.4
UCL622025,52,934,639,150,1416,1.1,869,2.1
UCL622026,42,680,370,160,719,1.1,633,2.4
UCL622027,41,1075,424,220,939,1.1,646,2.4
UCL622028,53,700,352,140,737,1.1,637,2.0
UCL622029,50,1603,421,245,1125,1.1,979,2.3
UCL622030,37,1127,561,185,1263,1.1,1174,2.7
UCL622031,45,433,363,200,774,1.1,727,2.4
UCL622032,57,884,385,140,764,1.0,644,2.2
UCL622033,38,1083,550,188,1426,1.1,1134,2.5
UCL622034,43,1300,523,180,1258,1.1,949,2.4
UCL622035,46,1324,489,250,959,1.1,876,2.3
UCL622036,45,670,353,133,900,1.2,557,2.3
UCL622037,55,1220,351,180,764,1.1,688,2.0
UCL622038,47,675,415,104,1636,1.0,1297,1.9
UCL631777,43,1250,487,150,1186,1.1,995,2.6
UCL679997,43,0,1174,0,0,0,0,0
UCL699994,37,0,338,0,0,0,0,0
UCL703001,32,2167,906,360,2047,1.1,1811,2.7
UCL712001,33,1950,865,300,1950,1.2,1676,2.6
UCL714001,31,1690,729,185,1689,1.2,1450,2.7
UCL715001,24,0,273,23,778,2.0,1852,5.3
UCL715002,23,0,253,55,589,2.1,1531,5.4
UCL715003,24,0,282,50,928,2.3,1914,5.3
UCL715004,25,0,261,80,777,2.0,1550,5.7
UCL715005,22,0,279,75,736,1.9,1700,5.6
UCL715006,32,1950,1266,3,2722,1.1,2592,2.9
UCL715007,32,1000,632,123,1392,1.4,1398,2.9
UCL715008,21,0,190,46,449,2.0,951,4.9
UCL715009,26,867,243,40,569,1.6,797,4.3
UCL721001,22,0,250,40,591,2.0,1097,4.8
UCL721002,34,390,1554,80,3048,1.2,2854,2.8
UCL721003,22,0,310,75,968,2.0,1200,5.3
UCL721004,26,0,386,50,930,1.8,1160,4.0
UCL721005,26,0,270,44,583,1.7,1062,4.5
UCL721006,24,108,233,25,530,2.2,1430,6.2
UCL721007,24,0,270,40,655,1.8,1228,4.4
UCL721008,41,1950,888,450,2250,1.1,2339,2.9
UCL721009,33,2817,745,200,1865,1.3,1386,2.5
UCL721010,33,108,1143,37,2506,1.2,2250,2.7
UCL721011,21,0,253,20,539,1.8,1199,4.5
UCL721012,26,0,232,25,625,1.8,1102,5.4
UCL721013,27,0,159,88,442,1.8,1131,5.5
UCL721014,24,0,262,20,558,1.8,786,4.1
UCL721015,23,0,201,60,526,2.4,959,5.8
UCL721016,27,0,426,40,1174,1.9,1954,4.7
UCL721017,25,0,266,25,684,1.5,1281,4.2
UCL721018,29,867,750,154,1537,1.4,1142,1.8
UCL722001,45,1199,430,115,1093,1.3,781,2.4
UCL722002,23,0,262,60,608,1.6,1017,4.8
UCL722003,26,0,234,25,487,1.8,657,4.2
UCL722004,24,0,164,13,443,2.4,666,5.3
UCL722005,23,0,155,30,411,1.9,880,4.9
UCL722006,24,0,261,75,763,1.8,937,4.3
UCL722007,44,1060,627,55,1375,1.2,871,1.8
UCL722008,26,0,239,64,549,2.2,766,5.3
UCL722009,24,173,249,90,654,2.3,714,4.4
UCL722010,23,0,236,40,485,2.0,941,5.3
UCL722011,24,0,338,65,875,1.4,1109,3.9
UCL722012,40,2600,975,458,2416,1.1,2522,3.2
UCL722013,17,0,258,60,549,2.4,782,6.9
UCL722014,26,0,142,35,205,1.5,343,3.7
UCL722015,24,0,264,20,684,1.8,987,4.3
UCL722016,40,823,705,3,1452,1.5,1302,2.6
UCL722017,28,0,262,40,587,1.6,718,3.7
UCL722018,19,0,283,60,756,2.6,1531,5.8
UCL722019,23,0,329,90,785,1.8,1403,4.8
UCL722020,34,0,175,10,250,1.3,1069,3.1
UCL722021,23,0,298,62,1011,2.0,1192,4.6
UCL722022,21,0,243,40,561,2.0,1156,5.4
UCL722023,26,0,252,10,500,1.6,900,4.1
UCL722024,24,0,231,35,680,1.7,1218,4.5
UCL722025,37,1300,677,70,1523,1.3,1153,2.4
UCL722026,31,0,262,36,641,1.6,684,3.2
UCL722027,21,0,285,30,749,2.0,1329,5.0
UCL722028,31,0,275,30,549,2.0,1228,4.5
UCL722029,25,0,270,75,652,1.7,1308,4.7
UCL722030,46,1473,854,150,1874,1.3,1329,2.0
UCL722031,22,0,155,53,409,1.9,985,5.0
UCL722032,17,0,324,75,928,1.8,1619,5.7
UCL722033,21,0,260,20,860,1.8,1275,4.9
UCL722034,19,0,248,35,514,2.3,549,4.4
UCL722035,23,0,314,25,850,1.8,1562,4.7
UCL722036,28,0,217,20,516,1.7,733,4.2
UCL731777,34,2100,597,60,1483,1.4,1424,3.0
UCL779997,33,0,1339,0,0,0,0,0
UCL799994,45,0,490,0,0,0,0,0
UCL802001,34,2167,918,380,2278,1.1,1920,2.6
UCL822001,44,1300,953,375,2075,1.0,2274,2.8
UCL831777,32,2500,846,170,2200,1.1,1734,2.7
UCL879997,0,0,0,0,0,0,0,0
UCL899994,31,0,498,0,0,0,0,0
UCL915001,40,867,1018,84,2168,1.2,1827,2.6
UCL922001,38,0,413,150,962,1.3,1089,4.4
UCL922002,26,0,1007,135,2050,1.1,1849,2.4
UCL922003,38,520,1093,55,2374,1.1,2374,2.6
UCL931777,28,0,341,20,777,1.3,719,3.4
UCL979997,50,0,1750,0,0,0,1750,0
UCL999994,29,0,1577,0,0,0,0,0
